Time,Close Price,Difference,Return
2014-01-02,"1,831.9800",0.0000,0.0000
2014-01-03,"1,831.3700",-0.6100,-0.0333
2014-01-06,"1,826.7700",-4.6000,-0.2512
2014-01-07,"1,837.8800",11.1100,0.6082
2014-01-08,"1,837.4900",-0.3900,-0.0212
2014-01-09,"1,838.1300",0.6400,0.0348
2014-01-10,"1,842.3700",4.2400,0.2307
2014-01-13,"1,819.2000",-23.1700,-1.2576
2014-01-14,"1,838.8800",19.6801,1.0818
2014-01-15,"1,848.3800",9.5000,0.5166
2014-01-16,"1,845.8900",-2.4900,-0.1347
2014-01-17,"1,838.7000",-7.1901,-0.3895
2014-01-21,"1,843.8000",5.1001,0.2774
2014-01-22,"1,844.8600",1.0599,0.0575
2014-01-23,"1,828.4600",-16.4000,-0.8890
2014-01-24,"1,790.2900",-38.1699,-2.0875
2014-01-27,"1,781.5600",-8.7300,-0.4876
2014-01-28,"1,792.5000",10.9399,0.6141
2014-01-29,"1,774.2000",-18.3000,-1.0209
2014-01-30,"1,794.1900",19.9900,1.1267
2014-01-31,"1,782.5900",-11.6000,-0.6465
2014-02-03,"1,741.8900",-40.7000,-2.2832
2014-02-04,"1,755.2000",13.3099,0.7641
2014-02-05,"1,751.6400",-3.5599,-0.2028
2014-02-06,"1,773.4300",21.7900,1.2440
2014-02-07,"1,797.0200",23.5900,1.3302
2014-02-10,"1,799.8400",2.8199,0.1569
2014-02-11,"1,819.7500",19.9100,1.1062
2014-02-12,"1,819.2600",-0.4900,-0.0269
2014-02-13,"1,829.8300",10.5699,0.5810
2014-02-14,"1,838.6300",8.8000,0.4809
2014-02-18,"1,840.7600",2.1300,0.1158
2014-02-19,"1,828.7500",-12.0100,-0.6524
2014-02-20,"1,839.7800",11.0300,0.6031
2014-02-21,"1,836.2500",-3.5300,-0.1919
2014-02-24,"1,847.6100",11.3600,0.6187
2014-02-25,"1,845.1200",-2.4900,-0.1348
2014-02-26,"1,845.1600",0.0400,0.0022
2014-02-27,"1,854.2900",9.1300,0.4948
2014-02-28,"1,859.4500",5.1599,0.2783
2014-03-03,"1,845.7300",-13.7200,-0.7379
2014-03-04,"1,873.9100",28.1801,1.5268
2014-03-05,"1,873.8100",-0.1000,-0.0053
2014-03-06,"1,877.0300",3.2200,0.1718
2014-03-07,"1,878.0400",1.0100,0.0538
2014-03-10,"1,877.1700",-0.8700,-0.0463
2014-03-11,"1,867.6300",-9.5400,-0.5082
2014-03-12,"1,868.2000",0.5699,0.0305
2014-03-13,"1,846.3400",-21.8600,-1.1701
2014-03-14,"1,841.1300",-5.2100,-0.2822
2014-03-17,"1,858.8300",17.7000,0.9614
2014-03-18,"1,872.2500",13.4200,0.7220
2014-03-19,"1,860.7700",-11.4800,-0.6132
2014-03-20,"1,872.0100",11.2400,0.6041
2014-03-21,"1,866.5200",-5.4900,-0.2933
2014-03-24,"1,857.4400",-9.0801,-0.4865
2014-03-25,"1,865.6200",8.1801,0.4404
2014-03-26,"1,852.5600",-13.0599,-0.7000
2014-03-27,"1,849.0400",-3.5200,-0.1900
2014-03-28,"1,857.6200",8.5800,0.4640
2014-03-31,"1,872.3400",14.7200,0.7924
2014-04-01,"1,885.5200",13.1801,0.7039
2014-04-02,"1,890.9000",5.3800,0.2853
2014-04-03,"1,888.7700",-2.1300,-0.1126
2014-04-04,"1,865.0900",-23.6801,-1.2537
2014-04-07,"1,845.0400",-20.0499,-1.0750
2014-04-08,"1,851.9600",6.9199,0.3751
2014-04-09,"1,872.1800",20.2201,1.0918
2014-04-10,"1,833.0800",-39.1001,-2.0885
2014-04-11,"1,815.6900",-17.3900,-0.9487
2014-04-14,"1,830.6100",14.9200,0.8217
2014-04-15,"1,842.9800",12.3700,0.6757
2014-04-16,"1,862.3100",19.3301,1.0489
2014-04-17,"1,864.8500",2.5399,0.1364
2014-04-21,"1,871.8900",7.0400,0.3775
2014-04-22,"1,879.5500",7.6600,0.4092
2014-04-23,"1,875.3900",-4.1600,-0.2213
2014-04-24,"1,878.6100",3.2200,0.1717
2014-04-25,"1,863.4000",-15.2100,-0.8096
2014-04-28,"1,869.4300",6.0300,0.3236
2014-04-29,"1,878.3300",8.8999,0.4761
2014-04-30,"1,883.9500",5.6200,0.2992
2014-05-01,"1,883.6800",-0.2699,-0.0143
2014-05-02,"1,881.1400",-2.5400,-0.1348
2014-05-05,"1,884.6600",3.5200,0.1871
2014-05-06,"1,867.7200",-16.9401,-0.8988
2014-05-07,"1,878.2100",10.4900,0.5616
2014-05-08,"1,875.6300",-2.5800,-0.1374
2014-05-09,"1,878.4800",2.8500,0.1519
2014-05-12,"1,896.6500",18.1700,0.9673
2014-05-13,"1,897.4500",0.7999,0.0422
2014-05-14,"1,888.5300",-8.9199,-0.4701
2014-05-15,"1,870.8500",-17.6801,-0.9362
2014-05-16,"1,877.8600",7.0100,0.3747
2014-05-19,"1,885.0800",7.2200,0.3845
2014-05-20,"1,872.8300",-12.2500,-0.6498
2014-05-21,"1,888.0300",15.2001,0.8116
2014-05-22,"1,892.4900",4.4600,0.2362
2014-05-23,"1,900.5300",8.0400,0.4248
2014-05-27,"1,920.0300",19.5000,1.0260
2014-05-28,"1,909.7800",-10.2500,-0.5338
2014-05-29,"1,920.0300",10.2500,0.5367
2014-05-30,"1,923.5700",3.5399,0.1844
2014-06-02,"1,924.9700",1.4000,0.0728
2014-06-03,"1,924.2400",-0.7300,-0.0379
2014-06-04,"1,927.8800",3.6400,0.1892
2014-06-05,"1,940.4600",12.5800,0.6525
2014-06-06,"1,949.4400",8.9800,0.4628
2014-06-09,"1,951.2700",1.8301,0.0939
2014-06-10,"1,950.7900",-0.4800,-0.0246
2014-06-11,"1,943.8900",-6.9000,-0.3537
2014-06-12,"1,930.1100",-13.7800,-0.7089
2014-06-13,"1,936.1600",6.0500,0.3135
2014-06-16,"1,937.7800",1.6200,0.0837
2014-06-17,"1,941.9900",4.2100,0.2173
2014-06-18,"1,956.9800",14.9900,0.7719
2014-06-19,"1,959.4800",2.5000,0.1277
2014-06-20,"1,962.8700",3.3900,0.1730
2014-06-23,"1,962.6100",-0.2600,-0.0132
2014-06-24,"1,949.9800",-12.6300,-0.6435
2014-06-25,"1,959.5300",9.5500,0.4897
2014-06-26,"1,957.2200",-2.3101,-0.1179
2014-06-27,"1,960.9600",3.7400,0.1911
2014-06-30,"1,960.2300",-0.7300,-0.0372
2014-07-01,"1,973.3200",13.0900,0.6678
2014-07-02,"1,974.6200",1.3000,0.0659
2014-07-03,"1,985.4400",10.8199,0.5479
2014-07-07,"1,977.6500",-7.7899,-0.3924
2014-07-08,"1,963.7100",-13.9401,-0.7049
2014-07-09,"1,972.8300",9.1200,0.4644
2014-07-10,"1,964.6800",-8.1499,-0.4131
2014-07-11,"1,967.5700",2.8899,0.1471
2014-07-14,"1,977.1000",9.5300,0.4844
2014-07-15,"1,973.2800",-3.8199,-0.1932
2014-07-16,"1,981.5700",8.2899,0.4201
2014-07-17,"1,958.1200",-23.4500,-1.1834
2014-07-18,"1,978.2200",20.1000,1.0265
2014-07-21,"1,973.6300",-4.5900,-0.2320
2014-07-22,"1,983.5300",9.9000,0.5016
2014-07-23,"1,987.0100",3.4800,0.1754
2014-07-24,"1,987.9800",0.9700,0.0488
2014-07-25,"1,978.3400",-9.6400,-0.4849
2014-07-28,"1,978.9100",0.5701,0.0288
2014-07-29,"1,969.9500",-8.9601,-0.4528
2014-07-30,"1,970.0700",0.1200,0.0061
2014-07-31,"1,930.6700",-39.3999,-1.9999
2014-08-01,"1,925.1500",-5.5200,-0.2859
2014-08-04,"1,938.9900",13.8400,0.7189
2014-08-05,"1,920.2100",-18.7800,-0.9685
2014-08-06,"1,920.2400",0.0300,0.0016
2014-08-07,"1,909.5700",-10.6700,-0.5557
2014-08-08,"1,931.5900",22.0200,1.1531
2014-08-11,"1,936.9200",5.3301,0.2759
2014-08-12,"1,933.7500",-3.1700,-0.1637
2014-08-13,"1,946.7200",12.9700,0.6707
2014-08-14,"1,955.1800",8.4601,0.4346
2014-08-15,"1,955.0600",-0.1200,-0.0061
2014-08-18,"1,971.7400",16.6799,0.8532
2014-08-19,"1,981.6000",9.8600,0.5001
2014-08-20,"1,986.5100",4.9100,0.2478
2014-08-21,"1,992.3700",5.8600,0.2950
2014-08-22,"1,988.4000",-3.9700,-0.1993
2014-08-25,"1,997.9200",9.5200,0.4788
2014-08-26,"2,000.0200",2.1000,0.1051
2014-08-27,"2,000.1200",0.1000,0.0050
2014-08-28,"1,996.7400",-3.3800,-0.1690
2014-08-29,"2,003.3700",6.6300,0.3320
2014-09-02,"2,002.2800",-1.0900,-0.0544
2014-09-03,"2,000.7200",-1.5601,-0.0779
2014-09-04,"1,997.6500",-3.0699,-0.1534
2014-09-05,"2,007.7100",10.0599,0.5036
2014-09-08,"2,001.5400",-6.1699,-0.3073
2014-09-09,"1,988.4400",-13.1001,-0.6545
2014-09-10,"1,995.6900",7.2500,0.3646
2014-09-11,"1,997.4500",1.7600,0.0882
2014-09-12,"1,985.5400",-11.9099,-0.5963
2014-09-15,"1,984.1300",-1.4100,-0.0710
2014-09-16,"1,998.9800",14.8500,0.7484
2014-09-17,"2,001.5700",2.5900,0.1296
2014-09-18,"2,011.3600",9.7900,0.4891
2014-09-19,"2,010.4000",-0.9600,-0.0477
2014-09-22,"1,994.2900",-16.1100,-0.8013
2014-09-23,"1,982.7700",-11.5200,-0.5776
2014-09-24,"1,998.3000",15.5300,0.7832
2014-09-25,"1,965.9900",-32.3101,-1.6169
2014-09-26,"1,982.8500",16.8600,0.8576
2014-09-29,"1,977.8000",-5.0499,-0.2547
2014-09-30,"1,972.2900",-5.5100,-0.2786
2014-10-01,"1,946.1600",-26.1300,-1.3249
2014-10-02,"1,946.1700",0.0100,0.0005
2014-10-03,"1,967.9000",21.7300,1.1166
2014-10-06,"1,964.8200",-3.0801,-0.1565
2014-10-07,"1,935.1000",-29.7200,-1.5126
2014-10-08,"1,968.8900",33.7900,1.7462
2014-10-09,"1,928.2100",-40.6801,-2.0661
2014-10-10,"1,906.1300",-22.0800,-1.1451
2014-10-13,"1,874.7400",-31.3900,-1.6468
2014-10-14,"1,877.7000",2.9600,0.1579
2014-10-15,"1,862.4900",-15.2100,-0.8100
2014-10-16,"1,862.7600",0.2700,0.0145
2014-10-17,"1,886.7600",24.0000,1.2884
2014-10-20,"1,904.0100",17.2500,0.9143
2014-10-21,"1,941.2800",37.2700,1.9574
2014-10-22,"1,927.1100",-14.1700,-0.7299
2014-10-23,"1,950.8200",23.7100,1.2303
2014-10-24,"1,964.5800",13.7600,0.7053
2014-10-27,"1,961.6300",-2.9500,-0.1502
2014-10-28,"1,985.0500",23.4200,1.1939
2014-10-29,"1,982.3000",-2.7500,-0.1385
2014-10-30,"1,994.6500",12.3500,0.6230
2014-10-31,"2,018.0500",23.4000,1.1731
2014-11-03,"2,017.8100",-0.2400,-0.0119
2014-11-04,"2,012.1000",-5.7101,-0.2830
2014-11-05,"2,023.5700",11.4700,0.5701
2014-11-06,"2,031.2100",7.6400,0.3776
2014-11-07,"2,031.9200",0.7101,0.0350
2014-11-10,"2,038.2600",6.3400,0.3120
2014-11-11,"2,039.6800",1.4200,0.0697
2014-11-12,"2,038.2500",-1.4301,-0.0701
2014-11-13,"2,039.3300",1.0800,0.0530
2014-11-14,"2,039.8200",0.4900,0.0240
2014-11-17,"2,041.3200",1.5000,0.0735
2014-11-18,"2,051.8000",10.4801,0.5134
2014-11-19,"2,048.7200",-3.0801,-0.1501
2014-11-20,"2,052.7500",4.0300,0.1967
2014-11-21,"2,063.5000",10.7500,0.5237
2014-11-24,"2,069.4100",5.9099,0.2864
2014-11-25,"2,067.0300",-2.3799,-0.1150
2014-11-26,"2,072.8300",5.8000,0.2806
2014-11-28,"2,067.5600",-5.2700,-0.2542
2014-12-01,"2,053.4400",-14.1201,-0.6829
2014-12-02,"2,066.5500",13.1101,0.6384
2014-12-03,"2,074.3300",7.7800,0.3765
2014-12-04,"2,071.9200",-2.4102,-0.1162
2014-12-05,"2,075.3700",3.4502,0.1665
2014-12-08,"2,060.3100",-15.0601,-0.7257
2014-12-09,"2,059.8200",-0.4900,-0.0238
2014-12-10,"2,026.1400",-33.6801,-1.6351
2014-12-11,"2,035.3300",9.1899,0.4536
2014-12-12,"2,002.3300",-33.0000,-1.6214
2014-12-15,"1,989.6300",-12.7000,-0.6343
2014-12-16,"1,972.7400",-16.8900,-0.8489
2014-12-17,"2,012.8900",40.1500,2.0352
2014-12-18,"2,061.2300",48.3400,2.4015
2014-12-19,"2,070.6500",9.4199,0.4570
2014-12-22,"2,078.5400",7.8901,0.3810
2014-12-23,"2,082.1700",3.6299,0.1746
2014-12-24,"2,081.8800",-0.2900,-0.0139
2014-12-26,"2,088.7700",6.8901,0.3310
2014-12-29,"2,090.5700",1.8000,0.0862
2014-12-30,"2,080.3500",-10.2200,-0.4889
2014-12-31,"2,058.9000",-21.4502,-1.0311
2015-01-02,"2,058.2000",-0.7000,-0.0340
2015-01-05,"2,020.5800",-37.6200,-1.8278
2015-01-06,"2,002.6100",-17.9700,-0.8893
2015-01-07,"2,025.9000",23.2900,1.1630
2015-01-08,"2,062.1400",36.2399,1.7888
2015-01-09,"2,044.8100",-17.3298,-0.8404
2015-01-12,"2,028.2600",-16.5500,-0.8094
2015-01-13,"2,023.0300",-5.2300,-0.2579
2015-01-14,"2,011.2700",-11.7600,-0.5813
2015-01-15,"1,992.6700",-18.6000,-0.9248
2015-01-16,"2,019.4200",26.7500,1.3424
2015-01-20,"2,022.5500",3.1300,0.1550
2015-01-21,"2,032.1200",9.5699,0.4732
2015-01-22,"2,063.1500",31.0299,1.5270
2015-01-23,"2,051.8200",-11.3298,-0.5492
2015-01-26,"2,057.0900",5.2700,0.2568
2015-01-27,"2,029.5500",-27.5400,-1.3388
2015-01-28,"2,002.1600",-27.3900,-1.3496
2015-01-29,"2,021.2500",19.0900,0.9535
2015-01-30,"1,994.9900",-26.2600,-1.2992
2015-02-02,"2,020.8500",25.8600,1.2962
2015-02-03,"2,050.0300",29.1801,1.4440
2015-02-04,"2,041.5100",-8.5200,-0.4156
2015-02-05,"2,062.5200",21.0100,1.0291
2015-02-06,"2,055.4700",-7.0500,-0.3418
2015-02-09,"2,046.7400",-8.7300,-0.4247
2015-02-10,"2,068.5900",21.8501,1.0676
2015-02-11,"2,068.5300",-0.0601,-0.0029
2015-02-12,"2,088.4800",19.9500,0.9645
2015-02-13,"2,096.9900",8.5100,0.4075
2015-02-17,"2,100.3400",3.3501,0.1598
2015-02-18,"2,099.6800",-0.6602,-0.0314
2015-02-19,"2,097.4500",-2.2300,-0.1062
2015-02-20,"2,110.3000",12.8501,0.6127
2015-02-23,"2,109.6600",-0.6401,-0.0303
2015-02-24,"2,115.4800",5.8201,0.2759
2015-02-25,"2,113.8600",-1.6199,-0.0766
2015-02-26,"2,110.7400",-3.1201,-0.1476
2015-02-27,"2,104.5000",-6.2400,-0.2956
2015-03-02,"2,117.3900",12.8899,0.6125
2015-03-03,"2,107.7800",-9.6099,-0.4539
2015-03-04,"2,098.5300",-9.2500,-0.4389
2015-03-05,"2,101.0400",2.5100,0.1196
2015-03-06,"2,071.2600",-29.7800,-1.4174
2015-03-09,"2,079.4300",8.1699,0.3944
2015-03-10,"2,044.1600",-35.2699,-1.6961
2015-03-11,"2,040.2400",-3.9200,-0.1918
2015-03-12,"2,065.9500",25.7100,1.2601
2015-03-13,"2,053.4000",-12.5500,-0.6075
2015-03-16,"2,081.1900",27.7900,1.3534
2015-03-17,"2,074.2800",-6.9099,-0.3320
2015-03-18,"2,099.5000",25.2200,1.2158
2015-03-19,"2,089.2700",-10.2300,-0.4873
2015-03-20,"2,108.1000",18.8301,0.9013
2015-03-23,"2,104.4200",-3.6802,-0.1746
2015-03-24,"2,091.5000",-12.9199,-0.6139
2015-03-25,"2,061.0500",-30.4500,-1.4559
2015-03-26,"2,056.1500",-4.9001,-0.2377
2015-03-27,"2,061.0200",4.8701,0.2369
2015-03-30,"2,086.2400",25.2200,1.2237
2015-03-31,"2,067.8900",-18.3501,-0.8796
2015-04-01,"2,059.6900",-8.2000,-0.3965
2015-04-02,"2,066.9600",7.2700,0.3530
2015-04-06,"2,080.6200",13.6602,0.6609
2015-04-07,"2,076.3300",-4.2900,-0.2062
2015-04-08,"2,081.9000",5.5698,0.2683
2015-04-09,"2,091.1800",9.2800,0.4457
2015-04-10,"2,102.0600",10.8801,0.5203
2015-04-13,"2,092.4300",-9.6301,-0.4581
2015-04-14,"2,095.8400",3.4102,0.1630
2015-04-15,"2,106.6300",10.7898,0.5148
2015-04-16,"2,104.9900",-1.6399,-0.0778
2015-04-17,"2,081.1800",-23.8101,-1.1311
2015-04-20,"2,100.4000",19.2200,0.9235
2015-04-21,"2,097.2900",-3.1099,-0.1481
2015-04-22,"2,107.9600",10.6699,0.5087
2015-04-23,"2,112.9300",4.9700,0.2358
2015-04-24,"2,117.6900",4.7600,0.2253
2015-04-27,"2,108.9200",-8.7700,-0.4141
2015-04-28,"2,114.7600",5.8401,0.2769
2015-04-29,"2,106.8500",-7.9099,-0.3740
2015-04-30,"2,085.5100",-21.3401,-1.0129
2015-05-01,"2,108.2900",22.7800,1.0923
2015-05-04,"2,114.4900",6.2000,0.2941
2015-05-05,"2,089.4600",-25.0300,-1.1837
2015-05-06,"2,080.1500",-9.3101,-0.4456
2015-05-07,"2,088.0000",7.8501,0.3774
2015-05-08,"2,116.1000",28.1001,1.3458
2015-05-11,"2,105.3300",-10.7700,-0.5090
2015-05-12,"2,099.1200",-6.2100,-0.2950
2015-05-13,"2,098.4800",-0.6401,-0.0305
2015-05-14,"2,121.1000",22.6201,1.0779
2015-05-15,"2,122.7300",1.6299,0.0768
2015-05-18,"2,129.2000",6.4700,0.3048
2015-05-19,"2,127.8300",-1.3699,-0.0643
2015-05-20,"2,125.8500",-1.9800,-0.0931
2015-05-21,"2,130.8200",4.9700,0.2338
2015-05-22,"2,126.0600",-4.7600,-0.2234
2015-05-26,"2,104.2000",-21.8601,-1.0282
2015-05-27,"2,123.4800",19.2800,0.9163
2015-05-28,"2,120.7900",-2.6899,-0.1267
2015-05-29,"2,107.3900",-13.4001,-0.6318
2015-06-01,"2,111.7300",4.3401,0.2059
2015-06-02,"2,109.6000",-2.1299,-0.1009
2015-06-03,"2,114.0700",4.4700,0.2119
2015-06-04,"2,095.8400",-18.2300,-0.8623
2015-06-05,"2,092.8300",-3.0100,-0.1436
2015-06-08,"2,079.2800",-13.5500,-0.6474
2015-06-09,"2,080.1500",0.8699,0.0418
2015-06-10,"2,105.2000",25.0500,1.2042
2015-06-11,"2,108.8600",3.6602,0.1739
2015-06-12,"2,094.1100",-14.7500,-0.6994
2015-06-15,"2,084.4300",-9.6802,-0.4623
2015-06-16,"2,096.2900",11.8601,0.5690
2015-06-17,"2,100.4400",4.1499,0.1980
2015-06-18,"2,121.2400",20.8000,0.9903
2015-06-19,"2,109.9900",-11.2500,-0.5304
2015-06-22,"2,122.8500",12.8601,0.6095
2015-06-23,"2,124.2000",1.3499,0.0636
2015-06-24,"2,108.5800",-15.6199,-0.7353
2015-06-25,"2,102.3100",-6.2700,-0.2974
2015-06-26,"2,101.4900",-0.8201,-0.0390
2015-06-29,"2,057.6400",-43.8501,-2.0866
2015-06-30,"2,063.1100",5.4702,0.2658
2015-07-01,"2,077.4200",14.3098,0.6936
2015-07-02,"2,076.7800",-0.6399,-0.0308
2015-07-06,"2,068.7600",-8.0200,-0.3862
2015-07-07,"2,081.3400",12.5801,0.6081
2015-07-08,"2,046.6800",-34.6600,-1.6653
2015-07-09,"2,051.3100",4.6300,0.2262
2015-07-10,"2,076.6200",25.3101,1.2339
2015-07-13,"2,099.6000",22.9800,1.1066
2015-07-14,"2,108.9500",9.3499,0.4453
2015-07-15,"2,107.4000",-1.5500,-0.0735
2015-07-16,"2,124.2900",16.8901,0.8015
2015-07-17,"2,126.6400",2.3499,0.1106
2015-07-20,"2,128.2800",1.6401,0.0771
2015-07-21,"2,119.2100",-9.0701,-0.4262
2015-07-22,"2,114.1500",-5.0601,-0.2388
2015-07-23,"2,102.1500",-12.0000,-0.5676
2015-07-24,"2,079.6500",-22.5000,-1.0703
2015-07-27,"2,067.6400",-12.0100,-0.5775
2015-07-28,"2,093.2500",25.6101,1.2386
2015-07-29,"2,108.5700",15.3201,0.7319
2015-07-30,"2,108.6300",0.0598,0.0028
2015-07-31,"2,103.9200",-4.7100,-0.2234
2015-08-03,"2,098.0400",-5.8799,-0.2795
2015-08-04,"2,093.3200",-4.7200,-0.2250
2015-08-05,"2,099.8400",6.5200,0.3115
2015-08-06,"2,083.5600",-16.2800,-0.7753
2015-08-07,"2,077.5700",-5.9900,-0.2875
2015-08-10,"2,104.1800",26.6099,1.2808
2015-08-11,"2,084.0700",-20.1099,-0.9557
2015-08-12,"2,086.0500",1.9800,0.0950
2015-08-13,"2,083.3900",-2.6602,-0.1275
2015-08-14,"2,091.5400",8.1501,0.3912
2015-08-17,"2,102.4400",10.8999,0.5211
2015-08-18,"2,096.9200",-5.5200,-0.2626
2015-08-19,"2,079.6100",-17.3098,-0.8255
2015-08-20,"2,035.7300",-43.8801,-2.1100
2015-08-21,"1,970.8900",-64.8400,-3.1851
2015-08-24,"1,893.2100",-77.6801,-3.9414
2015-08-25,"1,867.6200",-25.5900,-1.3517
2015-08-26,"1,940.5100",72.8900,3.9028
2015-08-27,"1,987.6600",47.1500,2.4298
2015-08-28,"1,988.8700",1.2100,0.0609
2015-08-31,"1,972.1800",-16.6899,-0.8392
2015-09-01,"1,913.8500",-58.3301,-2.9576
2015-09-02,"1,948.8600",35.0100,1.8293
2015-09-03,"1,951.1300",2.2700,0.1165
2015-09-04,"1,921.2200",-29.9100,-1.5330
2015-09-08,"1,969.4100",48.1901,2.5083
2015-09-09,"1,942.0400",-27.3700,-1.3898
2015-09-10,"1,952.2900",10.2500,0.5278
2015-09-11,"1,961.0500",8.7600,0.4487
2015-09-14,"1,953.0300",-8.0200,-0.4090
2015-09-15,"1,978.0900",25.0599,1.2831
2015-09-16,"1,995.3100",17.2201,0.8705
2015-09-17,"1,990.2000",-5.1101,-0.2561
2015-09-18,"1,958.0800",-32.1200,-1.6139
2015-09-21,"1,966.9700",8.8900,0.4540
2015-09-22,"1,942.7400",-24.2300,-1.2318
2015-09-23,"1,938.7600",-3.9800,-0.2049
2015-09-24,"1,932.2400",-6.5200,-0.3363
2015-09-25,"1,931.3400",-0.9000,-0.0466
2015-09-28,"1,881.7700",-49.5699,-2.5666
2015-09-29,"1,884.0900",2.3199,0.1233
2015-09-30,"1,920.0300",35.9401,1.9076
2015-10-01,"1,923.8200",3.7899,0.1974
2015-10-02,"1,951.3600",27.5400,1.4315
2015-10-05,"1,987.0500",35.6901,1.8290
2015-10-06,"1,979.9200",-7.1300,-0.3588
2015-10-07,"1,995.8300",15.9099,0.8036
2015-10-08,"2,013.4300",17.6001,0.8818
2015-10-09,"2,014.8900",1.4600,0.0725
2015-10-12,"2,017.4600",2.5699,0.1275
2015-10-13,"2,003.6900",-13.7700,-0.6825
2015-10-14,"1,994.2400",-9.4500,-0.4716
2015-10-15,"2,023.8600",29.6200,1.4853
2015-10-16,"2,033.1100",9.2500,0.4570
2015-10-19,"2,033.6600",0.5500,0.0271
2015-10-20,"2,030.7700",-2.8900,-0.1421
2015-10-21,"2,018.9400",-11.8301,-0.5825
2015-10-22,"2,052.5100",33.5701,1.6628
2015-10-23,"2,075.1500",22.6399,1.1030
2015-10-26,"2,071.1800",-3.9700,-0.1913
2015-10-27,"2,065.8900",-5.2900,-0.2554
2015-10-28,"2,090.3500",24.4602,1.1840
2015-10-29,"2,089.4100",-0.9402,-0.0450
2015-10-30,"2,079.3600",-10.0498,-0.4810
2015-11-02,"2,103.2800",23.9199,1.1503
2015-11-03,"2,109.7900",6.5100,0.3095
2015-11-04,"2,102.3100",-7.4800,-0.3545
2015-11-05,"2,099.9300",-2.3801,-0.1132
2015-11-06,"2,099.2000",-0.7300,-0.0348
2015-11-09,"2,078.5800",-20.6199,-0.9823
2015-11-10,"2,081.7200",3.1399,0.1511
2015-11-11,"2,075.0000",-6.7200,-0.3228
2015-11-12,"2,045.9700",-29.0300,-1.3990
2015-11-13,"2,023.0400",-22.9299,-1.1207
2015-11-16,"2,053.1900",30.1499,1.4903
2015-11-17,"2,050.4400",-2.7500,-0.1339
2015-11-18,"2,083.5800",33.1401,1.6162
2015-11-19,"2,081.2400",-2.3401,-0.1123
2015-11-20,"2,089.1700",7.9299,0.3810
2015-11-23,"2,086.5900",-2.5798,-0.1235
2015-11-24,"2,089.1400",2.5498,0.1222
2015-11-25,"2,088.8700",-0.2698,-0.0129
2015-11-27,"2,090.1100",1.2400,0.0594
2015-11-30,"2,080.4100",-9.7002,-0.4641
2015-12-01,"2,102.6300",22.2200,1.0681
2015-12-02,"2,079.5100",-23.1199,-1.0996
2015-12-03,"2,049.6200",-29.8899,-1.4374
2015-12-04,"2,091.6900",42.0698,2.0526
2015-12-07,"2,077.0700",-14.6199,-0.6990
2015-12-08,"2,063.5900",-13.4800,-0.6490
2015-12-09,"2,047.6200",-15.9701,-0.7739
2015-12-10,"2,052.2300",4.6100,0.2251
2015-12-11,"2,012.3700",-39.8600,-1.9423
2015-12-14,"2,021.9400",9.5699,0.4756
2015-12-15,"2,043.4100",21.4701,1.0619
2015-12-16,"2,073.0700",29.6600,1.4515
2015-12-17,"2,041.8900",-31.1801,-1.5041
2015-12-18,"2,005.5200",-36.3700,-1.7812
2015-12-21,"2,021.1500",15.6300,0.7793
2015-12-22,"2,037.8900",16.7400,0.8282
2015-12-23,"2,064.2900",26.4000,1.2955
2015-12-24,"2,060.9900",-3.3000,-0.1599
2015-12-28,"2,056.5000",-4.4900,-0.2179
2015-12-29,"2,078.3600",21.8601,1.0630
2015-12-30,"2,063.3600",-15.0000,-0.7217
2015-12-31,"2,043.9400",-19.4202,-0.9412
2016-01-04,"2,012.6600",-31.2799,-1.5304
2016-01-05,"2,016.7100",4.0499,0.2012
2016-01-06,"1,990.2600",-26.4500,-1.3115
2016-01-07,"1,943.0900",-47.1700,-2.3700
2016-01-08,"1,922.0300",-21.0599,-1.0838
2016-01-11,"1,923.6700",1.6400,0.0853
2016-01-12,"1,938.6800",15.0100,0.7803
2016-01-13,"1,890.2800",-48.4000,-2.4965
2016-01-14,"1,921.8400",31.5599,1.6696
2016-01-15,"1,880.2900",-41.5499,-2.1620
2016-01-19,"1,881.3300",1.0399,0.0553
2016-01-20,"1,859.3300",-22.0000,-1.1694
2016-01-21,"1,868.9900",9.6600,0.5195
2016-01-22,"1,906.9000",37.9100,2.0284
2016-01-25,"1,877.0800",-29.8201,-1.5638
2016-01-26,"1,903.6300",26.5500,1.4144
2016-01-27,"1,882.9500",-20.6801,-1.0864
2016-01-28,"1,893.3600",10.4100,0.5529
2016-01-29,"1,940.2400",46.8800,2.4760
2016-02-01,"1,939.3800",-0.8600,-0.0443
2016-02-02,"1,903.0300",-36.3500,-1.8743
2016-02-03,"1,912.5300",9.5000,0.4992
2016-02-04,"1,915.4500",2.9199,0.1527
2016-02-05,"1,880.0200",-35.4299,-1.8497
2016-02-08,"1,853.4400",-26.5801,-1.4138
2016-02-09,"1,852.2100",-1.2300,-0.0664
2016-02-10,"1,851.8600",-0.3500,-0.0189
2016-02-11,"1,829.0800",-22.7800,-1.2301
2016-02-12,"1,864.7800",35.7001,1.9518
2016-02-16,"1,895.5800",30.7999,1.6517
2016-02-17,"1,926.8200",31.2400,1.6480
2016-02-18,"1,917.8300",-8.9900,-0.4666
2016-02-19,"1,917.7800",-0.0499,-0.0026
2016-02-22,"1,945.5000",27.7200,1.4454
2016-02-23,"1,921.2700",-24.2300,-1.2454
2016-02-24,"1,929.8000",8.5300,0.4440
2016-02-25,"1,951.7000",21.8999,1.1348
2016-02-26,"1,948.0500",-3.6499,-0.1870
2016-02-29,"1,932.2300",-15.8201,-0.8121
2016-03-01,"1,978.3500",46.1200,2.3869
2016-03-02,"1,986.4500",8.1000,0.4094
2016-03-03,"1,993.4000",6.9501,0.3499
2016-03-04,"1,999.9900",6.5900,0.3306
2016-03-07,"2,001.7600",1.7700,0.0885
2016-03-08,"1,979.2600",-22.5000,-1.1240
2016-03-09,"1,989.2600",10.0000,0.5052
2016-03-10,"1,989.5700",0.3099,0.0156
2016-03-11,"2,022.1900",32.6200,1.6396
2016-03-14,"2,019.6400",-2.5499,-0.1261
2016-03-15,"2,015.9300",-3.7100,-0.1837
2016-03-16,"2,027.2200",11.2899,0.5600
2016-03-17,"2,040.5900",13.3700,0.6595
2016-03-18,"2,049.5600",8.9701,0.4396
2016-03-21,"2,051.6000",2.0400,0.0995
2016-03-22,"2,049.8000",-1.8000,-0.0877
2016-03-23,"2,036.7100",-13.0901,-0.6386
2016-03-24,"2,035.9400",-0.7700,-0.0378
2016-03-28,"2,037.0500",1.1101,0.0545
2016-03-29,"2,055.0100",17.9600,0.8817
2016-03-30,"2,063.9500",8.9399,0.4350
2016-03-31,"2,059.7400",-4.2100,-0.2040
2016-04-01,"2,072.7800",13.0400,0.6331
2016-04-04,"2,066.1300",-6.6501,-0.3208
2016-04-05,"2,045.1700",-20.9598,-1.0144
2016-04-06,"2,066.6600",21.4899,1.0508
2016-04-07,"2,041.9100",-24.7499,-1.1976
2016-04-08,"2,047.6000",5.6899,0.2787
2016-04-11,"2,041.9900",-5.6100,-0.2740
2016-04-12,"2,061.7200",19.7300,0.9662
2016-04-13,"2,082.4200",20.7000,1.0040
2016-04-14,"2,082.7800",0.3601,0.0173
2016-04-15,"2,080.7300",-2.0500,-0.0984
2016-04-18,"2,094.3400",13.6101,0.6541
2016-04-19,"2,100.8000",6.4600,0.3085
2016-04-20,"2,102.4000",1.5999,0.0762
2016-04-21,"2,091.4800",-10.9199,-0.5194
2016-04-22,"2,091.5800",0.1001,0.0048
2016-04-25,"2,087.7900",-3.7900,-0.1812
2016-04-26,"2,091.7000",3.9099,0.1873
2016-04-27,"2,095.1500",3.4500,0.1649
2016-04-28,"2,075.8100",-19.3398,-0.9231
2016-04-29,"2,065.3000",-10.5100,-0.5063
2016-05-02,"2,081.4300",16.1299,0.7810
2016-05-03,"2,063.3700",-18.0598,-0.8677
2016-05-04,"2,051.1200",-12.2500,-0.5937
2016-05-05,"2,050.6300",-0.4902,-0.0239
2016-05-06,"2,057.1400",6.5100,0.3175
2016-05-09,"2,058.6900",1.5500,0.0753
2016-05-10,"2,084.3900",25.7000,1.2484
2016-05-11,"2,064.4600",-19.9299,-0.9562
2016-05-12,"2,064.1100",-0.3499,-0.0169
2016-05-13,"2,046.6100",-17.5001,-0.8478
2016-05-16,"2,066.6600",20.0499,0.9797
2016-05-17,"2,047.2100",-19.4500,-0.9411
2016-05-18,"2,047.6300",0.4200,0.0205
2016-05-19,"2,040.0400",-7.5900,-0.3707
2016-05-20,"2,052.3200",12.2800,0.6019
2016-05-23,"2,048.0400",-4.2800,-0.2085
2016-05-24,"2,076.0600",28.0200,1.3681
2016-05-25,"2,090.5400",14.4800,0.6975
2016-05-26,"2,090.1000",-0.4399,-0.0210
2016-05-27,"2,099.0600",8.9600,0.4287
2016-05-31,"2,096.9500",-2.1101,-0.1005
2016-06-01,"2,099.3300",2.3801,0.1135
2016-06-02,"2,105.2600",5.9299,0.2825
2016-06-03,"2,099.1300",-6.1301,-0.2912
2016-06-06,"2,109.4100",10.2800,0.4897
2016-06-07,"2,112.1300",2.7200,0.1289
2016-06-08,"2,119.1200",6.9902,0.3310
2016-06-09,"2,115.4800",-3.6401,-0.1718
2016-06-10,"2,096.0700",-19.4099,-0.9175
2016-06-13,"2,079.0600",-17.0100,-0.8115
2016-06-14,"2,075.3200",-3.7400,-0.1799
2016-06-15,"2,071.5000",-3.8201,-0.1841
2016-06-16,"2,077.9900",6.4900,0.3133
2016-06-17,"2,071.2200",-6.7700,-0.3258
2016-06-20,"2,083.2500",12.0300,0.5808
2016-06-21,"2,088.9000",5.6499,0.2712
2016-06-22,"2,085.4500",-3.4500,-0.1652
2016-06-23,"2,113.3200",27.8701,1.3364
2016-06-24,"2,037.3000",-76.0200,-3.5972
2016-06-27,"2,000.5400",-36.7600,-1.8043
2016-06-28,"2,036.0900",35.5499,1.7770
2016-06-29,"2,070.7700",34.6801,1.7033
2016-06-30,"2,098.8600",28.0901,1.3565
2016-07-01,"2,102.9500",4.0898,0.1949
2016-07-05,"2,088.5500",-14.3999,-0.6847
2016-07-06,"2,099.7300",11.1799,0.5353
2016-07-07,"2,097.9000",-1.8301,-0.0872
2016-07-08,"2,129.9000",32.0000,1.5253
2016-07-11,"2,137.1600",7.2600,0.3409
2016-07-12,"2,152.1400",14.9800,0.7009
2016-07-13,"2,152.4300",0.2900,0.0135
2016-07-14,"2,163.7500",11.3201,0.5259
2016-07-15,"2,161.7400",-2.0100,-0.0929
2016-07-18,"2,166.8900",5.1499,0.2382
2016-07-19,"2,163.7800",-3.1099,-0.1435
2016-07-20,"2,173.0200",9.2400,0.4270
2016-07-21,"2,165.1700",-7.8501,-0.3613
2016-07-22,"2,175.0300",9.8601,0.4554
2016-07-25,"2,168.4800",-6.5500,-0.3011
2016-07-26,"2,169.1800",0.7000,0.0323
2016-07-27,"2,166.5800",-2.5999,-0.1199
2016-07-28,"2,170.0600",3.4800,0.1606
2016-07-29,"2,173.6000",3.5400,0.1631
2016-08-01,"2,170.8400",-2.7600,-0.1270
2016-08-02,"2,157.0300",-13.8101,-0.6362
2016-08-03,"2,163.7900",6.7600,0.3134
2016-08-04,"2,164.2500",0.4600,0.0213
2016-08-05,"2,182.8700",18.6201,0.8603
2016-08-08,"2,180.8900",-1.9802,-0.0907
2016-08-09,"2,181.7400",0.8501,0.0390
2016-08-10,"2,175.4900",-6.2500,-0.2865
2016-08-11,"2,185.7900",10.3000,0.4735
2016-08-12,"2,184.0500",-1.7400,-0.0796
2016-08-15,"2,190.1500",6.0999,0.2793
2016-08-16,"2,178.1500",-12.0000,-0.5479
2016-08-17,"2,182.2200",4.0701,0.1869
2016-08-18,"2,187.0200",4.8000,0.2200
2016-08-19,"2,183.8700",-3.1499,-0.1440
2016-08-22,"2,182.6400",-1.2302,-0.0563
2016-08-23,"2,186.9000",4.2600,0.1952
2016-08-24,"2,175.4400",-11.4600,-0.5240
2016-08-25,"2,172.4700",-2.9700,-0.1365
2016-08-26,"2,169.0400",-3.4299,-0.1579
2016-08-29,"2,180.3800",11.3398,0.5228
2016-08-30,"2,176.1200",-4.2598,-0.1954
2016-08-31,"2,170.9500",-5.1702,-0.2376
2016-09-01,"2,170.8600",-0.0898,-0.0041
2016-09-02,"2,179.9800",9.1199,0.4201
2016-09-06,"2,186.4800",6.5000,0.2982
2016-09-07,"2,186.1500",-0.3301,-0.0151
2016-09-08,"2,181.3000",-4.8499,-0.2218
2016-09-09,"2,127.8100",-53.4900,-2.4522
2016-09-12,"2,159.0400",31.2300,1.4677
2016-09-13,"2,127.0200",-32.0200,-1.4831
2016-09-14,"2,125.7700",-1.2500,-0.0588
2016-09-15,"2,147.2600",21.4900,1.0109
2016-09-16,"2,139.1600",-8.1001,-0.3772
2016-09-19,"2,139.1200",-0.0398,-0.0019
2016-09-20,"2,139.7600",0.6399,0.0299
2016-09-21,"2,163.1200",23.3601,1.0917
2016-09-22,"2,177.1800",14.0598,0.6500
2016-09-23,"2,164.6900",-12.4900,-0.5737
2016-09-26,"2,146.1000",-18.5898,-0.8588
2016-09-27,"2,159.9300",13.8298,0.6444
2016-09-28,"2,171.3700",11.4402,0.5297
2016-09-29,"2,151.1300",-20.2402,-0.9321
2016-09-30,"2,168.2700",17.1401,0.7968
2016-10-03,"2,161.2000",-7.0701,-0.3261
2016-10-04,"2,150.4900",-10.7100,-0.4956
2016-10-05,"2,159.7300",9.2400,0.4297
2016-10-06,"2,160.7700",1.0400,0.0482
2016-10-07,"2,153.7400",-7.0300,-0.3253
2016-10-10,"2,163.6600",9.9199,0.4606
2016-10-11,"2,136.7300",-26.9299,-1.2446
2016-10-12,"2,139.1700",2.4399,0.1142
2016-10-13,"2,132.5500",-6.6199,-0.3095
2016-10-14,"2,132.9800",0.4299,0.0202
2016-10-17,"2,126.5000",-6.4800,-0.3038
2016-10-18,"2,139.6000",13.1001,0.6160
2016-10-19,"2,144.2900",4.6899,0.2192
2016-10-20,"2,141.3400",-2.9500,-0.1376
2016-10-21,"2,141.1600",-0.1802,-0.0084
2016-10-24,"2,151.3300",10.1702,0.4750
2016-10-25,"2,143.1600",-8.1702,-0.3798
2016-10-26,"2,139.4300",-3.7300,-0.1740
2016-10-27,"2,133.0400",-6.3899,-0.2987
2016-10-28,"2,126.4100",-6.6301,-0.3108
2016-10-31,"2,126.1500",-0.2600,-0.0122
2016-11-01,"2,111.7200",-14.4299,-0.6787
2016-11-02,"2,097.9400",-13.7800,-0.6525
2016-11-03,"2,088.6600",-9.2800,-0.4423
2016-11-04,"2,085.1800",-3.4800,-0.1666
2016-11-07,"2,131.5200",46.3401,2.2224
2016-11-08,"2,139.5600",8.0400,0.3772
2016-11-09,"2,163.2600",23.7000,1.1077
2016-11-10,"2,167.4800",4.2200,0.1951
2016-11-11,"2,164.4500",-3.0300,-0.1398
2016-11-14,"2,164.2000",-0.2500,-0.0116
2016-11-15,"2,180.3900",16.1899,0.7481
2016-11-16,"2,176.9400",-3.4500,-0.1582
2016-11-17,"2,187.1200",10.1802,0.4676
2016-11-18,"2,181.9000",-5.2202,-0.2387
2016-11-21,"2,198.1800",16.2800,0.7461
2016-11-22,"2,202.9400",4.7600,0.2165
2016-11-23,"2,204.7200",1.7800,0.0808
2016-11-25,"2,213.3500",8.6301,0.3914
2016-11-28,"2,201.7200",-11.6301,-0.5255
2016-11-29,"2,204.6600",2.9399,0.1335
2016-11-30,"2,198.8100",-5.8499,-0.2653
2016-12-01,"2,191.0800",-7.7300,-0.3516
2016-12-02,"2,191.9500",0.8699,0.0397
2016-12-05,"2,204.7100",12.7600,0.5821
2016-12-06,"2,212.2300",7.5200,0.3411
2016-12-07,"2,241.3500",29.1201,1.3163
2016-12-08,"2,246.1900",4.8398,0.2159
2016-12-09,"2,259.5300",13.3401,0.5939
2016-12-12,"2,256.9600",-2.5701,-0.1137
2016-12-13,"2,271.7200",14.7600,0.6540
2016-12-14,"2,253.2800",-18.4399,-0.8117
2016-12-15,"2,262.0300",8.7500,0.3883
2016-12-16,"2,258.0700",-3.9600,-0.1751
2016-12-19,"2,262.5200",4.4500,0.1971
2016-12-20,"2,270.7600",8.2400,0.3642
2016-12-21,"2,265.1800",-5.5801,-0.2457
2016-12-22,"2,260.9600",-4.2200,-0.1863
2016-12-23,"2,263.7900",2.8301,0.1252
2016-12-27,"2,268.8800",5.0898,0.2248
2016-12-28,"2,249.9200",-18.9600,-0.8357
2016-12-29,"2,249.2600",-0.6599,-0.0293
2016-12-30,"2,238.8300",-10.4299,-0.4637
2017-01-03,"2,257.8300",19.0000,0.8487
2017-01-04,"2,270.7500",12.9199,0.5722
2017-01-05,"2,269.0000",-1.7500,-0.0771
2017-01-06,"2,276.9800",7.9800,0.3517
2017-01-09,"2,268.9000",-8.0801,-0.3549
2017-01-10,"2,268.9000",0.0000,0.0000
2017-01-11,"2,275.3200",6.4202,0.2830
2017-01-12,"2,270.4200",-4.9001,-0.2154
2017-01-13,"2,274.6400",4.2200,0.1859
2017-01-17,"2,267.8800",-6.7600,-0.2972
2017-01-18,"2,271.8900",4.0100,0.1768
2017-01-19,"2,263.6900",-8.2000,-0.3609
2017-01-20,"2,271.3200",7.6301,0.3371
2017-01-23,"2,265.2000",-6.1201,-0.2695
2017-01-24,"2,280.0800",14.8801,0.6569
2017-01-25,"2,298.3700",18.2900,0.8022
2017-01-26,"2,296.6800",-1.6902,-0.0735
2017-01-27,"2,294.6900",-1.9900,-0.0866
2017-01-30,"2,280.8900",-13.8000,-0.6014
2017-01-31,"2,278.8700",-2.0198,-0.0886
2017-02-01,"2,279.5500",0.6799,0.0298
2017-02-02,"2,280.8500",1.3000,0.0570
2017-02-03,"2,297.4200",16.5698,0.7265
2017-02-06,"2,292.5600",-4.8599,-0.2115
2017-02-07,"2,293.0800",0.5200,0.0227
2017-02-08,"2,294.6700",1.5898,0.0693
2017-02-09,"2,307.8700",13.2002,0.5753
2017-02-10,"2,316.1000",8.2300,0.3566
2017-02-13,"2,328.2500",12.1499,0.5246
2017-02-14,"2,337.5800",9.3301,0.4007
2017-02-15,"2,349.2500",11.6699,0.4992
2017-02-16,"2,347.2200",-2.0300,-0.0864
2017-02-17,"2,351.1600",3.9399,0.1679
2017-02-21,"2,365.3800",14.2200,0.6048
2017-02-22,"2,362.8200",-2.5598,-0.1082
2017-02-23,"2,363.8100",0.9900,0.0419
2017-02-24,"2,367.3400",3.5300,0.1493
2017-02-27,"2,369.7500",2.4099,0.1018
2017-02-28,"2,363.6400",-6.1101,-0.2578
2017-03-01,"2,395.9600",32.3201,1.3674
2017-03-02,"2,381.9200",-14.0400,-0.5860
2017-03-03,"2,383.1200",1.2002,0.0504
2017-03-06,"2,375.3100",-7.8101,-0.3277
2017-03-07,"2,368.3900",-6.9202,-0.2913
2017-03-08,"2,362.9800",-5.4099,-0.2284
2017-03-09,"2,364.8700",1.8901,0.0800
2017-03-10,"2,372.6000",7.7300,0.3269
2017-03-13,"2,373.4700",0.8699,0.0367
2017-03-14,"2,365.4500",-8.0200,-0.3379
2017-03-15,"2,385.2600",19.8101,0.8375
2017-03-16,"2,381.3800",-3.8801,-0.1627
2017-03-17,"2,378.2500",-3.1299,-0.1314
2017-03-20,"2,373.4700",-4.7800,-0.2010
2017-03-21,"2,344.0200",-29.4500,-1.2408
2017-03-22,"2,348.4500",4.4299,0.1890
2017-03-23,"2,345.9600",-2.4900,-0.1060
2017-03-24,"2,343.9800",-1.9800,-0.0844
2017-03-27,"2,341.5900",-2.3899,-0.1020
2017-03-28,"2,358.5700",16.9800,0.7251
2017-03-29,"2,361.1300",2.5598,0.1085
2017-03-30,"2,368.0600",6.9302,0.2935
2017-03-31,"2,362.7200",-5.3401,-0.2255
2017-04-03,"2,358.8400",-3.8799,-0.1642
2017-04-04,"2,360.1600",1.3198,0.0560
2017-04-05,"2,352.9500",-7.2100,-0.3055
2017-04-06,"2,357.4900",4.5400,0.1929
2017-04-07,"2,355.5400",-1.9500,-0.0827
2017-04-10,"2,357.1600",1.6199,0.0688
2017-04-11,"2,353.7800",-3.3799,-0.1434
2017-04-12,"2,344.9300",-8.8501,-0.3760
2017-04-13,"2,328.9500",-15.9800,-0.6815
2017-04-17,"2,349.0100",20.0601,0.8613
2017-04-18,"2,342.1900",-6.8201,-0.2903
2017-04-19,"2,338.1700",-4.0200,-0.1716
2017-04-20,"2,355.8400",17.6702,0.7557
2017-04-21,"2,348.6900",-7.1501,-0.3035
2017-04-24,"2,374.1500",25.4600,1.0840
2017-04-25,"2,388.6100",14.4602,0.6091
2017-04-26,"2,387.4500",-1.1602,-0.0486
2017-04-27,"2,388.7700",1.3201,0.0553
2017-04-28,"2,384.2000",-4.5701,-0.1913
2017-05-01,"2,388.3300",4.1301,0.1732
2017-05-02,"2,391.1700",2.8398,0.1189
2017-05-03,"2,388.1300",-3.0400,-0.1271
2017-05-04,"2,389.5200",1.3901,0.0582
2017-05-05,"2,399.2900",9.7700,0.4089
2017-05-08,"2,399.3800",0.0898,0.0037
2017-05-09,"2,396.9200",-2.4600,-0.1025
2017-05-10,"2,399.6300",2.7100,0.1131
2017-05-11,"2,394.4400",-5.1899,-0.2163
2017-05-12,"2,390.9000",-3.5400,-0.1478
2017-05-15,"2,402.3200",11.4202,0.4777
2017-05-16,"2,400.6700",-1.6501,-0.0687
2017-05-17,"2,357.0300",-43.6399,-1.8178
2017-05-18,"2,365.7200",8.6899,0.3687
2017-05-19,"2,381.7300",16.0100,0.6767
2017-05-22,"2,394.0200",12.2900,0.5160
2017-05-23,"2,398.4200",4.3999,0.1838
2017-05-24,"2,404.3900",5.9700,0.2489
2017-05-25,"2,415.0700",10.6802,0.4442
2017-05-26,"2,415.8200",0.7500,0.0311
2017-05-30,"2,412.9100",-2.9102,-0.1205
2017-05-31,"2,411.8000",-1.1099,-0.0460
2017-06-01,"2,430.0600",18.2600,0.7571
2017-06-02,"2,439.0700",9.0100,0.3708
2017-06-05,"2,436.1000",-2.9700,-0.1218
2017-06-06,"2,429.3300",-6.7700,-0.2779
2017-06-07,"2,433.1400",3.8098,0.1568
2017-06-08,"2,433.7900",0.6501,0.0267
2017-06-09,"2,431.7700",-2.0200,-0.0830
2017-06-12,"2,429.3900",-2.3801,-0.0979
2017-06-13,"2,440.3500",10.9602,0.4512
2017-06-14,"2,437.9200",-2.4302,-0.0996
2017-06-15,"2,432.4600",-5.4600,-0.2240
2017-06-16,"2,433.1500",0.6899,0.0284
2017-06-19,"2,453.4600",20.3101,0.8347
2017-06-20,"2,437.0300",-16.4299,-0.6697
2017-06-21,"2,435.6100",-1.4199,-0.0583
2017-06-22,"2,434.5000",-1.1101,-0.0456
2017-06-23,"2,438.3000",3.8000,0.1561
2017-06-26,"2,439.0700",0.7700,0.0316
2017-06-27,"2,419.3800",-19.6902,-0.8073
2017-06-28,"2,440.6900",21.3101,0.8808
2017-06-29,"2,419.7000",-20.9900,-0.8600
2017-06-30,"2,423.4100",3.7100,0.1533
2017-07-03,"2,429.0100",5.6001,0.2311
2017-07-05,"2,432.5400",3.5300,0.1453
2017-07-06,"2,409.7500",-22.7900,-0.9369
2017-07-07,"2,425.1800",15.4299,0.6403
2017-07-10,"2,427.4300",2.2500,0.0928
2017-07-11,"2,425.5300",-1.8999,-0.0783
2017-07-12,"2,443.2500",17.7200,0.7306
2017-07-13,"2,447.8300",4.5801,0.1875
2017-07-14,"2,459.2700",11.4399,0.4673
2017-07-17,"2,459.1400",-0.1301,-0.0053
2017-07-18,"2,460.6100",1.4702,0.0598
2017-07-19,"2,473.8300",13.2200,0.5373
2017-07-20,"2,473.4500",-0.3801,-0.0154
2017-07-21,"2,472.5400",-0.9099,-0.0368
2017-07-24,"2,469.9100",-2.6301,-0.1064
2017-07-25,"2,477.0800",7.1702,0.2903
2017-07-26,"2,477.8300",0.7500,0.0303
2017-07-27,"2,475.4200",-2.4102,-0.0973
2017-07-28,"2,472.1000",-3.3198,-0.1341
2017-07-31,"2,470.3000",-1.8000,-0.0728
2017-08-01,"2,476.3500",6.0500,0.2449
2017-08-02,"2,477.5700",1.2200,0.0493
2017-08-03,"2,472.1600",-5.4102,-0.2184
2017-08-04,"2,476.8300",4.6702,0.1889
2017-08-07,"2,480.9100",4.0798,0.1647
2017-08-08,"2,474.9200",-5.9900,-0.2414
2017-08-09,"2,474.0200",-0.8999,-0.0364
2017-08-10,"2,438.2100",-35.8101,-1.4474
2017-08-11,"2,441.3200",3.1101,0.1276
2017-08-14,"2,465.6600",24.3398,0.9970
2017-08-15,"2,464.6100",-1.0498,-0.0426
2017-08-16,"2,468.1100",3.5000,0.1420
2017-08-17,"2,430.0100",-38.1001,-1.5437
2017-08-18,"2,425.5500",-4.4600,-0.1835
2017-08-21,"2,428.3700",2.8201,0.1163
2017-08-22,"2,452.5100",24.1399,0.9941
2017-08-23,"2,444.0400",-8.4700,-0.3454
2017-08-24,"2,438.9700",-5.0701,-0.2074
2017-08-25,"2,443.0500",4.0801,0.1673
2017-08-28,"2,444.2400",1.1899,0.0487
2017-08-29,"2,446.3000",2.0601,0.0843
2017-08-30,"2,457.5900",11.2900,0.4615
2017-08-31,"2,471.6500",14.0598,0.5721
2017-09-01,"2,476.5500",4.9001,0.1983
2017-09-05,"2,457.8500",-18.7000,-0.7551
2017-09-06,"2,465.5400",7.6899,0.3129
2017-09-07,"2,465.1000",-0.4399,-0.0178
2017-09-08,"2,461.4300",-3.6702,-0.1489
2017-09-11,"2,488.1100",26.6802,1.0839
2017-09-12,"2,496.4800",8.3699,0.3364
2017-09-13,"2,498.3700",1.8901,0.0757
2017-09-14,"2,495.6200",-2.7500,-0.1101
2017-09-15,"2,500.2300",4.6099,0.1847
2017-09-18,"2,503.8700",3.6401,0.1456
2017-09-19,"2,506.6500",2.7798,0.1110
2017-09-20,"2,508.2400",1.5901,0.0634
2017-09-21,"2,500.6000",-7.6399,-0.3046
2017-09-22,"2,502.2200",1.6199,0.0648
2017-09-25,"2,496.6600",-5.5601,-0.2222
2017-09-26,"2,496.8400",0.1802,0.0072
2017-09-27,"2,507.0400",10.2000,0.4085
2017-09-28,"2,510.0600",3.0200,0.1205
2017-09-29,"2,519.3600",9.3000,0.3705
2017-10-02,"2,529.1200",9.7600,0.3874
2017-10-03,"2,534.5800",5.4600,0.2159
2017-10-04,"2,537.7400",3.1599,0.1247
2017-10-05,"2,552.0700",14.3301,0.5647
2017-10-06,"2,549.3300",-2.7400,-0.1074
2017-10-09,"2,544.7300",-4.6001,-0.1804
2017-10-10,"2,550.6400",5.9099,0.2322
2017-10-11,"2,555.2400",4.6001,0.1804
2017-10-12,"2,550.9300",-4.3101,-0.1687
2017-10-13,"2,553.1700",2.2400,0.0878
2017-10-16,"2,557.6400",4.4700,0.1751
2017-10-17,"2,559.3600",1.7202,0.0673
2017-10-18,"2,561.2600",1.8999,0.0742
2017-10-19,"2,562.1000",0.8401,0.0328
2017-10-20,"2,575.2100",13.1099,0.5117
2017-10-23,"2,564.9800",-10.2300,-0.3972
2017-10-24,"2,569.1300",4.1499,0.1618
2017-10-25,"2,557.1500",-11.9800,-0.4663
2017-10-26,"2,560.4000",3.2500,0.1271
2017-10-27,"2,581.0700",20.6702,0.8073
2017-10-30,"2,572.8300",-8.2400,-0.3192
2017-10-31,"2,575.2600",2.4299,0.0944
2017-11-01,"2,579.3600",4.1001,0.1592
2017-11-02,"2,579.8500",0.4900,0.0190
2017-11-03,"2,587.8400",7.9900,0.3097
2017-11-06,"2,591.1300",3.2898,0.1271
2017-11-07,"2,590.6400",-0.4900,-0.0189
2017-11-08,"2,594.3800",3.7400,0.1444
2017-11-09,"2,584.6200",-9.7598,-0.3762
2017-11-10,"2,582.3000",-2.3201,-0.0898
2017-11-13,"2,584.8400",2.5400,0.0984
2017-11-14,"2,578.8700",-5.9700,-0.2310
2017-11-15,"2,564.6200",-14.2500,-0.5526
2017-11-16,"2,585.6400",21.0198,0.8196
2017-11-17,"2,578.8500",-6.7898,-0.2626
2017-11-20,"2,582.1400",3.2898,0.1276
2017-11-21,"2,599.0300",16.8901,0.6541
2017-11-22,"2,597.0800",-1.9500,-0.0750
2017-11-24,"2,602.4200",5.3398,0.2056
2017-11-27,"2,601.4200",-1.0000,-0.0384
2017-11-28,"2,627.0400",25.6201,0.9849
2017-11-29,"2,626.0700",-0.9700,-0.0369
2017-11-30,"2,647.5800",21.5100,0.8191
2017-12-01,"2,642.2200",-5.3601,-0.2025
2017-12-04,"2,639.4400",-2.7800,-0.1052
2017-12-05,"2,629.5700",-9.8699,-0.3739
2017-12-06,"2,629.2700",-0.3000,-0.0114
2017-12-07,"2,636.9800",7.7100,0.2932
2017-12-08,"2,651.5000",14.5200,0.5506
2017-12-11,"2,659.9900",8.4900,0.3202
2017-12-12,"2,664.1100",4.1201,0.1549
2017-12-13,"2,662.8500",-1.2600,-0.0473
2017-12-14,"2,652.0100",-10.8401,-0.4071
2017-12-15,"2,675.8100",23.8000,0.8974
2017-12-18,"2,690.1600",14.3499,0.5363
2017-12-19,"2,681.4700",-8.6899,-0.3230
2017-12-20,"2,679.2500",-2.2200,-0.0828
2017-12-21,"2,684.5700",5.3201,0.1986
2017-12-22,"2,683.3400",-1.2300,-0.0458
2017-12-26,"2,679.8800",-3.4602,-0.1290
2017-12-27,"2,682.6200",2.7402,0.1023
2017-12-28,"2,687.5400",4.9199,0.1834
2017-12-29,"2,673.6100",-13.9299,-0.5183
2018-01-02,"2,695.8100",22.2000,0.8303
2018-01-03,"2,713.0600",17.2500,0.6399
2018-01-04,"2,723.9900",10.9299,0.4029
2018-01-05,"2,743.1500",19.1599,0.7034
2018-01-08,"2,747.7100",4.5601,0.1662
2018-01-09,"2,751.2900",3.5801,0.1303
2018-01-10,"2,748.2300",-3.0601,-0.1112
2018-01-11,"2,767.5600",19.3301,0.7034
2018-01-12,"2,786.2400",18.6799,0.6750
2018-01-16,"2,776.4200",-9.8201,-0.3524
2018-01-17,"2,802.5600",26.1401,0.9415
2018-01-18,"2,798.0300",-4.5300,-0.1616
2018-01-19,"2,810.3000",12.2700,0.4385
2018-01-22,"2,832.9700",22.6699,0.8067
2018-01-23,"2,839.1300",6.1599,0.2174
2018-01-24,"2,837.5400",-1.5898,-0.0560
2018-01-25,"2,839.2500",1.7100,0.0603
2018-01-26,"2,854.9200",15.6699,0.5519
2018-01-29,"2,853.5300",-1.3899,-0.0487
2018-01-30,"2,822.4300",-31.1001,-1.0899
2018-01-31,"2,823.8100",1.3801,0.0489
2018-02-01,"2,821.9800",-1.8301,-0.0648
2018-02-02,"2,762.1300",-59.8501,-2.1209
2018-02-05,"2,648.9400",-113.1899,-4.0979
2018-02-06,"2,695.1400",46.2000,1.7441
2018-02-07,"2,681.6600",-13.4800,-0.5002
2018-02-08,"2,581.0000",-100.6599,-3.7536
2018-02-09,"2,619.5500",38.5500,1.4936
2018-02-12,"2,656.0000",36.4500,1.3915
2018-02-13,"2,662.9400",6.9399,0.2613
2018-02-14,"2,698.6300",35.6899,1.3402
2018-02-15,"2,731.2000",32.5701,1.2069
2018-02-16,"2,732.2200",1.0200,0.0373
2018-02-20,"2,716.2600",-15.9600,-0.5841
2018-02-21,"2,701.3300",-14.9299,-0.5496
2018-02-22,"2,703.9600",2.6299,0.0974
2018-02-23,"2,747.3000",43.3401,1.6028
2018-02-26,"2,779.6000",32.3000,1.1757
2018-02-27,"2,744.2800",-35.3201,-1.2707
2018-02-28,"2,713.8300",-30.4500,-1.1096
2018-03-01,"2,677.6700",-36.1602,-1.3324
2018-03-02,"2,691.2500",13.5801,0.5072
2018-03-05,"2,720.9400",29.6899,1.1032
2018-03-06,"2,728.1200",7.1802,0.2639
2018-03-07,"2,726.8000",-1.3201,-0.0484
2018-03-08,"2,738.9700",12.1699,0.4463
2018-03-09,"2,786.5700",47.6001,1.7379
2018-03-12,"2,783.0200",-3.5500,-0.1274
2018-03-13,"2,765.3100",-17.7100,-0.6364
2018-03-14,"2,749.4800",-15.8301,-0.5725
2018-03-15,"2,747.3300",-2.1499,-0.0782
2018-03-16,"2,752.0100",4.6799,0.1703
2018-03-19,"2,712.9200",-39.0901,-1.4204
2018-03-20,"2,716.9400",4.0200,0.1482
2018-03-21,"2,711.9300",-5.0100,-0.1844
2018-03-22,"2,643.6900",-68.2400,-2.5163
2018-03-23,"2,588.2600",-55.4299,-2.0967
2018-03-26,"2,658.5500",70.2900,2.7157
2018-03-27,"2,612.6200",-45.9299,-1.7276
2018-03-28,"2,605.0000",-7.6201,-0.2917
2018-03-29,"2,641.5300",36.5300,1.4023
2018-04-02,"2,581.8800",-59.6501,-2.2582
2018-04-03,"2,614.4500",32.5701,1.2615
2018-04-04,"2,644.6900",30.2400,1.1566
2018-04-05,"2,662.8400",18.1501,0.6863
2018-04-06,"2,604.4700",-58.3701,-2.1920
2018-04-09,"2,613.1600",8.6899,0.3337
2018-04-10,"2,656.8700",43.7102,1.6727
2018-04-11,"2,642.1900",-14.6802,-0.5525
2018-04-12,"2,663.9900",21.8000,0.8251
2018-04-13,"2,656.3000",-7.6899,-0.2887
2018-04-16,"2,677.8400",21.5400,0.8109
2018-04-17,"2,706.3900",28.5498,1.0662
2018-04-18,"2,708.6400",2.2500,0.0831
2018-04-19,"2,693.1300",-15.5100,-0.5726
2018-04-20,"2,670.1400",-22.9900,-0.8537
2018-04-23,"2,670.2900",0.1501,0.0056
2018-04-24,"2,634.5600",-35.7300,-1.3381
2018-04-25,"2,639.4000",4.8398,0.1837
2018-04-26,"2,666.9400",27.5400,1.0434
2018-04-27,"2,669.9100",2.9700,0.1114
2018-04-30,"2,648.0500",-21.8599,-0.8188
2018-05-01,"2,654.8000",6.7500,0.2549
2018-05-02,"2,635.6700",-19.1301,-0.7206
2018-05-03,"2,629.7300",-5.9399,-0.2254
2018-05-04,"2,663.4200",33.6899,1.2811
2018-05-07,"2,672.6300",9.2100,0.3458
2018-05-08,"2,671.9200",-0.7100,-0.0266
2018-05-09,"2,697.7900",25.8701,0.9682
2018-05-10,"2,723.0700",25.2800,0.9371
2018-05-11,"2,727.7200",4.6499,0.1708
2018-05-14,"2,730.1300",2.4099,0.0883
2018-05-15,"2,711.4500",-18.6799,-0.6842
2018-05-16,"2,722.4600",11.0100,0.4061
2018-05-17,"2,720.1300",-2.3301,-0.0856
2018-05-18,"2,712.9700",-7.1599,-0.2632
2018-05-21,"2,733.0100",20.0400,0.7387
2018-05-22,"2,724.4400",-8.5701,-0.3136
2018-05-23,"2,733.2900",8.8501,0.3248
2018-05-24,"2,727.7600",-5.5300,-0.2023
2018-05-25,"2,721.3300",-6.4299,-0.2357
2018-05-29,"2,689.8600",-31.4700,-1.1564
2018-05-30,"2,724.0100",34.1499,1.2696
2018-05-31,"2,705.2700",-18.7400,-0.6880
2018-06-01,"2,734.6200",29.3501,1.0849
2018-06-04,"2,746.8700",12.2500,0.4480
2018-06-05,"2,748.8000",1.9299,0.0703
2018-06-06,"2,772.3500",23.5500,0.8567
2018-06-07,"2,770.3700",-1.9800,-0.0714
2018-06-08,"2,779.0300",8.6599,0.3126
2018-06-11,"2,782.0000",2.9700,0.1069
2018-06-12,"2,786.8500",4.8501,0.1743
2018-06-13,"2,775.6300",-11.2202,-0.4026
2018-06-14,"2,782.4900",6.8601,0.2472
2018-06-15,"2,779.6600",-2.8301,-0.1017
2018-06-18,"2,773.7500",-5.9099,-0.2126
2018-06-19,"2,762.5900",-11.1599,-0.4023
2018-06-20,"2,767.3200",4.7300,0.1712
2018-06-21,"2,749.7600",-17.5601,-0.6346
2018-06-22,"2,754.8800",5.1199,0.1862
2018-06-25,"2,717.0700",-37.8098,-1.3725
2018-06-26,"2,723.0600",5.9900,0.2205
2018-06-27,"2,699.6300",-23.4302,-0.8604
2018-06-28,"2,716.3100",16.6802,0.6179
2018-06-29,"2,718.3700",2.0601,0.0758
2018-07-02,"2,726.7100",8.3398,0.3068
2018-07-03,"2,713.2200",-13.4900,-0.4947
2018-07-05,"2,736.6100",23.3901,0.8621
2018-07-06,"2,759.8200",23.2100,0.8481
2018-07-09,"2,784.1700",24.3499,0.8823
2018-07-10,"2,793.8400",9.6702,0.3473
2018-07-11,"2,774.0200",-19.8201,-0.7094
2018-07-12,"2,798.2900",24.2700,0.8749
2018-07-13,"2,801.3100",3.0200,0.1079
2018-07-16,"2,798.4300",-2.8801,-0.1028
2018-07-17,"2,809.5500",11.1201,0.3974
2018-07-18,"2,815.6200",6.0701,0.2161
2018-07-19,"2,804.4900",-11.1301,-0.3953
2018-07-20,"2,801.8300",-2.6599,-0.0948
2018-07-23,"2,806.9800",5.1499,0.1838
2018-07-24,"2,820.4000",13.4199,0.4781
2018-07-25,"2,846.0700",25.6702,0.9102
2018-07-26,"2,837.4400",-8.6301,-0.3032
2018-07-27,"2,818.8200",-18.6199,-0.6562
2018-07-30,"2,802.6000",-16.2200,-0.5754
2018-07-31,"2,816.2900",13.6899,0.4885
2018-08-01,"2,813.3600",-2.9299,-0.1040
2018-08-02,"2,827.2200",13.8599,0.4926
2018-08-03,"2,840.3500",13.1301,0.4644
2018-08-06,"2,850.4000",10.0498,0.3538
2018-08-07,"2,858.4500",8.0500,0.2824
2018-08-08,"2,857.7000",-0.7500,-0.0262
2018-08-09,"2,853.5800",-4.1199,-0.1442
2018-08-10,"2,833.2800",-20.3000,-0.7114
2018-08-13,"2,821.9300",-11.3501,-0.4006
2018-08-14,"2,839.9600",18.0300,0.6389
2018-08-15,"2,818.3700",-21.5898,-0.7602
2018-08-16,"2,840.6900",22.3198,0.7919
2018-08-17,"2,850.1300",9.4399,0.3323
2018-08-20,"2,857.0500",6.9202,0.2428
2018-08-21,"2,862.9600",5.9099,0.2069
2018-08-22,"2,861.8200",-1.1399,-0.0398
2018-08-23,"2,856.9800",-4.8401,-0.1691
2018-08-24,"2,874.6900",17.7100,0.6199
2018-08-27,"2,896.7400",22.0500,0.7670
2018-08-28,"2,897.5200",0.7800,0.0269
2018-08-29,"2,914.0400",16.5200,0.5701
2018-08-30,"2,901.1300",-12.9102,-0.4430
2018-08-31,"2,901.5200",0.3901,0.0134
2018-09-04,"2,896.7200",-4.8000,-0.1654
2018-09-05,"2,888.6000",-8.1199,-0.2803
2018-09-06,"2,878.0500",-10.5500,-0.3652
2018-09-07,"2,871.6800",-6.3701,-0.2213
2018-09-10,"2,877.1300",5.4500,0.1898
2018-09-11,"2,887.8900",10.7600,0.3740
2018-09-12,"2,888.9200",1.0300,0.0357
2018-09-13,"2,904.1800",15.2600,0.5282
2018-09-14,"2,904.9800",0.8000,0.0275
2018-09-17,"2,888.8000",-16.1799,-0.5570
2018-09-18,"2,904.3100",15.5100,0.5369
2018-09-19,"2,907.9500",3.6399,0.1253
2018-09-20,"2,930.7500",22.8000,0.7841
2018-09-21,"2,929.6700",-1.0801,-0.0369
2018-09-24,"2,919.3700",-10.2998,-0.3516
2018-09-25,"2,915.5600",-3.8101,-0.1305
2018-09-26,"2,905.9700",-9.5901,-0.3289
2018-09-27,"2,914.0000",8.0300,0.2763
2018-09-28,"2,913.9800",-0.0200,-0.0007
2018-10-01,"2,924.5900",10.6101,0.3641
2018-10-02,"2,923.4300",-1.1602,-0.0397
2018-10-03,"2,925.5100",2.0801,0.0712
2018-10-04,"2,901.6100",-23.8999,-0.8169
2018-10-05,"2,885.5700",-16.0400,-0.5528
2018-10-08,"2,884.4300",-1.1401,-0.0395
2018-10-09,"2,880.3400",-4.0898,-0.1418
2018-10-10,"2,785.6800",-94.6602,-3.2864
2018-10-11,"2,728.3700",-57.3098,-2.0573
2018-10-12,"2,767.1300",38.7598,1.4206
2018-10-15,"2,750.7900",-16.3398,-0.5905
2018-10-16,"2,809.9200",59.1299,2.1496
2018-10-17,"2,809.2100",-0.7100,-0.0253
2018-10-18,"2,768.7800",-40.4299,-1.4392
2018-10-19,"2,767.7800",-1.0000,-0.0361
2018-10-22,"2,755.8800",-11.9001,-0.4300
2018-10-23,"2,740.6900",-15.1899,-0.5512
2018-10-24,"2,656.1000",-84.5898,-3.0864
2018-10-25,"2,705.5700",49.4700,1.8625
2018-10-26,"2,658.6900",-46.8801,-1.7327
2018-10-29,"2,641.2500",-17.4399,-0.6560
2018-10-30,"2,682.6300",41.3799,1.5667
2018-10-31,"2,711.7400",29.1101,1.0851
2018-11-01,"2,740.3700",28.6301,1.0558
2018-11-02,"2,723.0600",-17.3101,-0.6317
2018-11-05,"2,738.3100",15.2500,0.5600
2018-11-06,"2,755.4500",17.1399,0.6259
2018-11-07,"2,813.8900",58.4399,2.1209
2018-11-08,"2,806.8300",-7.0598,-0.2509
2018-11-09,"2,781.0100",-25.8201,-0.9199
2018-11-12,"2,726.2200",-54.7900,-1.9701
2018-11-13,"2,722.1800",-4.0400,-0.1482
2018-11-14,"2,701.5800",-20.5999,-0.7567
2018-11-15,"2,730.2000",28.6199,1.0594
2018-11-16,"2,736.2700",6.0701,0.2223
2018-11-19,"2,690.7300",-45.5400,-1.6643
2018-11-20,"2,641.8900",-48.8401,-1.8151
2018-11-21,"2,649.9300",8.0400,0.3043
2018-11-23,"2,632.5600",-17.3699,-0.6555
2018-11-26,"2,673.4500",40.8899,1.5532
2018-11-27,"2,682.2000",8.7500,0.3273
2018-11-28,"2,743.7800",61.5801,2.2959
2018-11-29,"2,737.7600",-6.0200,-0.2194
2018-11-30,"2,760.1700",22.4099,0.8185
2018-12-03,"2,790.3700",30.2002,1.0941
2018-12-04,"2,700.0600",-90.3101,-3.2365
2018-12-06,"2,695.9500",-4.1101,-0.1522
2018-12-07,"2,633.0800",-62.8699,-2.3320
2018-12-10,"2,637.7200",4.6399,0.1762
2018-12-11,"2,636.7800",-0.9399,-0.0356
2018-12-12,"2,651.0700",14.2900,0.5419
2018-12-13,"2,650.5400",-0.5300,-0.0200
2018-12-14,"2,599.9500",-50.5901,-1.9087
2018-12-17,"2,545.9400",-54.0100,-2.0773
2018-12-18,"2,546.1600",0.2200,0.0086
2018-12-19,"2,506.9600",-39.2000,-1.5396
2018-12-20,"2,467.4200",-39.5400,-1.5772
2018-12-21,"2,416.5800",-50.8398,-2.0604
2018-12-24,"2,351.1000",-65.4800,-2.7096
2018-12-26,"2,467.7000",116.5999,4.9594
2018-12-27,"2,488.8300",21.1301,0.8563
2018-12-28,"2,485.7400",-3.0901,-0.1242
2018-12-31,"2,506.8500",21.1101,0.8492
2019-01-02,"2,510.0300",3.1799,0.1268
2019-01-03,"2,447.8900",-62.1401,-2.4757
2019-01-04,"2,531.9400",84.0500,3.4336
2019-01-07,"2,549.6900",17.7500,0.7010
2019-01-08,"2,574.4100",24.7200,0.9695
2019-01-09,"2,584.9600",10.5500,0.4098
2019-01-10,"2,596.6400",11.6799,0.4518
2019-01-11,"2,596.2600",-0.3799,-0.0146
2019-01-14,"2,582.6100",-13.6499,-0.5258
2019-01-15,"2,610.3000",27.6899,1.0722
2019-01-16,"2,616.1000",5.8000,0.2222
2019-01-17,"2,635.9600",19.8599,0.7591
2019-01-18,"2,670.7100",34.7500,1.3183
2019-01-22,"2,632.9000",-37.8101,-1.4157
2019-01-23,"2,638.7000",5.8000,0.2203
2019-01-24,"2,642.3300",3.6301,0.1376
2019-01-25,"2,664.7600",22.4299,0.8489
2019-01-28,"2,643.8500",-20.9099,-0.7847
2019-01-29,"2,640.0000",-3.8501,-0.1456
2019-01-30,"2,681.0500",41.0500,1.5549
2019-01-31,"2,704.1000",23.0500,0.8597
2019-02-01,"2,706.5300",2.4299,0.0899
2019-02-04,"2,724.8700",18.3401,0.6776
2019-02-05,"2,737.7000",12.8298,0.4708
2019-02-06,"2,731.6100",-6.0898,-0.2224
2019-02-07,"2,706.0500",-25.5601,-0.9357
2019-02-08,"2,707.8800",1.8298,0.0676
2019-02-11,"2,709.8000",1.9202,0.0709
2019-02-12,"2,744.7300",34.9299,1.2890
2019-02-13,"2,753.0300",8.3000,0.3024
2019-02-14,"2,745.7300",-7.3000,-0.2652
2019-02-15,"2,775.6000",29.8701,1.0879
2019-02-19,"2,779.7600",4.1599,0.1499
2019-02-20,"2,784.7000",4.9399,0.1777
2019-02-21,"2,774.8800",-9.8201,-0.3526
2019-02-22,"2,792.6700",17.7900,0.6411
2019-02-25,"2,796.1100",3.4402,0.1232
2019-02-26,"2,793.9000",-2.2102,-0.0790
2019-02-27,"2,792.3800",-1.5200,-0.0544
2019-02-28,"2,784.4900",-7.8899,-0.2826
2019-03-01,"2,803.6900",19.2000,0.6895
2019-03-04,"2,792.8100",-10.8799,-0.3881
2019-03-05,"2,789.6500",-3.1602,-0.1132
2019-03-06,"2,771.4500",-18.2000,-0.6524
2019-03-07,"2,748.9300",-22.5200,-0.8126
2019-03-08,"2,743.0700",-5.8599,-0.2132
2019-03-11,"2,783.3000",40.2300,1.4666
2019-03-12,"2,791.5200",8.2200,0.2953
2019-03-13,"2,810.9200",19.3999,0.6950
2019-03-14,"2,808.4800",-2.4399,-0.0868
2019-03-15,"2,822.4800",14.0000,0.4985
2019-03-18,"2,832.9400",10.4600,0.3706
2019-03-19,"2,832.5700",-0.3699,-0.0131
2019-03-20,"2,824.2300",-8.3401,-0.2944
2019-03-21,"2,854.8800",30.6499,1.0852
2019-03-22,"2,800.7100",-54.1699,-1.8974
2019-03-25,"2,798.3600",-2.3499,-0.0839
2019-03-26,"2,818.4600",20.0999,0.7183
2019-03-27,"2,805.3700",-13.0898,-0.4644
2019-03-28,"2,815.4400",10.0698,0.3589
2019-03-29,"2,834.4000",18.9600,0.6734
2019-04-01,"2,867.1900",32.7900,1.1569
2019-04-02,"2,867.2400",0.0500,0.0017
2019-04-03,"2,873.4000",6.1599,0.2148
2019-04-04,"2,879.3900",5.9900,0.2085
2019-04-05,"2,892.7400",13.3501,0.4636
2019-04-08,"2,895.7700",3.0300,0.1047
2019-04-09,"2,878.2000",-17.5701,-0.6068
2019-04-10,"2,888.2100",10.0100,0.3478
2019-04-11,"2,888.3200",0.1101,0.0038
2019-04-12,"2,907.4100",19.0898,0.6609
2019-04-15,"2,905.5800",-1.8298,-0.0629
2019-04-16,"2,907.0600",1.4800,0.0509
2019-04-17,"2,900.4500",-6.6101,-0.2274
2019-04-18,"2,905.0300",4.5801,0.1579
2019-04-22,"2,907.9700",2.9399,0.1012
2019-04-23,"2,933.6800",25.7100,0.8841
2019-04-24,"2,927.2500",-6.4299,-0.2192
2019-04-25,"2,926.1700",-1.0801,-0.0369
2019-04-26,"2,939.8800",13.7100,0.4685
2019-04-29,"2,943.0300",3.1501,0.1072
2019-04-30,"2,945.8300",2.8000,0.0951
2019-05-01,"2,923.7300",-22.1001,-0.7502
2019-05-02,"2,917.5200",-6.2100,-0.2124
2019-05-03,"2,945.6400",28.1199,0.9638
2019-05-06,"2,932.4700",-13.1699,-0.4471
2019-05-07,"2,884.0500",-48.4199,-1.6512
2019-05-08,"2,879.4200",-4.6301,-0.1605
2019-05-09,"2,870.7200",-8.7000,-0.3021
2019-05-10,"2,881.4000",10.6799,0.3720
2019-05-13,"2,811.8700",-69.5298,-2.4131
2019-05-14,"2,834.4100",22.5398,0.8016
2019-05-15,"2,850.9600",16.5500,0.5839
2019-05-16,"2,876.3200",25.3601,0.8895
2019-05-17,"2,859.5300",-16.7900,-0.5837
2019-05-20,"2,840.2300",-19.3000,-0.6749
2019-05-21,"2,864.3600",24.1301,0.8496
2019-05-22,"2,856.2700",-8.0901,-0.2824
2019-05-23,"2,822.2400",-34.0300,-1.1914
2019-05-24,"2,826.0600",3.8201,0.1354
2019-05-28,"2,802.3900",-23.6702,-0.8376
2019-05-29,"2,783.0200",-19.3699,-0.6912
2019-05-30,"2,788.8600",5.8401,0.2098
2019-05-31,"2,752.0600",-36.8000,-1.3195
2019-06-03,"2,744.4500",-7.6101,-0.2765
2019-06-04,"2,803.2700",58.8201,2.1432
2019-06-05,"2,826.1500",22.8799,0.8162
2019-06-06,"2,843.4900",17.3401,0.6136
2019-06-07,"2,873.3400",29.8501,1.0498
2019-06-10,"2,886.7300",13.3899,0.4660
2019-06-11,"2,885.7200",-1.0100,-0.0350
2019-06-12,"2,879.8400",-5.8799,-0.2038
2019-06-13,"2,891.6400",11.7998,0.4097
2019-06-14,"2,886.9800",-4.6599,-0.1612
2019-06-17,"2,889.6700",2.6899,0.0932
2019-06-18,"2,917.7500",28.0801,0.9717
2019-06-19,"2,926.4600",8.7100,0.2985
2019-06-20,"2,954.1800",27.7200,0.9472
2019-06-21,"2,950.4600",-3.7200,-0.1259
2019-06-24,"2,945.3500",-5.1099,-0.1732
2019-06-25,"2,917.3800",-27.9702,-0.9496
2019-06-26,"2,913.7800",-3.5999,-0.1234
2019-06-27,"2,924.9200",11.1399,0.3823
2019-06-28,"2,941.7600",16.8401,0.5757
2019-07-01,"2,964.3300",22.5701,0.7672
2019-07-02,"2,973.0100",8.6799,0.2928
2019-07-03,"2,995.8200",22.8101,0.7672
2019-07-05,"2,990.4100",-5.4102,-0.1806
2019-07-08,"2,975.9500",-14.4600,-0.4835
2019-07-09,"2,979.6300",3.6799,0.1237
2019-07-10,"2,993.0700",13.4402,0.4511
2019-07-11,"2,999.9100",6.8398,0.2285
2019-07-12,"3,013.7700",13.8601,0.4620
2019-07-15,"3,014.3000",0.5300,0.0176
2019-07-16,"3,004.0400",-10.2600,-0.3404
2019-07-17,"2,984.4200",-19.6201,-0.6531
2019-07-18,"2,995.1100",10.6902,0.3582
2019-07-19,"2,976.6100",-18.5000,-0.6177
2019-07-22,"2,985.0300",8.4199,0.2829
2019-07-23,"3,005.4700",20.4399,0.6847
2019-07-24,"3,019.5600",14.0901,0.4688
2019-07-25,"3,003.6700",-15.8901,-0.5262
2019-07-26,"3,025.8600",22.1902,0.7388
2019-07-29,"3,020.9700",-4.8901,-0.1616
2019-07-30,"3,013.1800",-7.7900,-0.2579
2019-07-31,"2,980.3800",-32.8000,-1.0886
2019-08-01,"2,953.5600",-26.8198,-0.8999
2019-08-02,"2,932.0500",-21.5100,-0.7283
2019-08-05,"2,844.7400",-87.3101,-2.9778
2019-08-06,"2,881.7700",37.0300,1.3017
2019-08-07,"2,883.9800",2.2100,0.0767
2019-08-08,"2,938.0900",54.1101,1.8762
2019-08-09,"2,918.6500",-19.4402,-0.6617
2019-08-12,"2,883.0900",-35.5598,-1.2184
2019-08-13,"2,926.3200",43.2300,1.4994
2019-08-14,"2,840.6000",-85.7200,-2.9293
2019-08-15,"2,847.6000",7.0000,0.2464
2019-08-16,"2,888.6800",41.0798,1.4426
2019-08-19,"2,923.6500",34.9700,1.2106
2019-08-20,"2,900.5100",-23.1399,-0.7915
2019-08-21,"2,924.4300",23.9199,0.8247
2019-08-22,"2,922.9500",-1.4800,-0.0506
2019-08-23,"2,847.1100",-75.8398,-2.5946
2019-08-26,"2,878.3800",31.2698,1.0983
2019-08-27,"2,869.1600",-9.2200,-0.3203
2019-08-28,"2,887.9400",18.7800,0.6545
2019-08-29,"2,924.5800",36.6401,1.2687
2019-08-30,"2,926.4600",1.8799,0.0643
2019-09-03,"2,906.2700",-20.1899,-0.6899
2019-09-04,"2,937.7800",31.5100,1.0842
2019-09-05,"2,976.0000",38.2200,1.3010
2019-09-06,"2,978.7100",2.7100,0.0911
2019-09-09,"2,978.4300",-0.2800,-0.0094
2019-09-10,"2,979.3900",0.9600,0.0322
2019-09-11,"3,000.9300",21.5400,0.7230
2019-09-12,"3,009.5700",8.6401,0.2879
2019-09-13,"3,007.3900",-2.1802,-0.0724
2019-09-16,"2,997.9600",-9.4299,-0.3136
2019-09-17,"3,005.7000",7.7400,0.2582
2019-09-18,"3,006.7300",1.0300,0.0343
2019-09-19,"3,006.7900",0.0601,0.0020
2019-09-20,"2,992.0700",-14.7200,-0.4896
2019-09-23,"2,991.7800",-0.2900,-0.0097
2019-09-24,"2,966.6000",-25.1799,-0.8416
2019-09-25,"2,984.8700",18.2700,0.6159
2019-09-26,"2,977.6200",-7.2500,-0.2429
2019-09-27,"2,961.7900",-15.8301,-0.5316
2019-09-30,"2,976.7400",14.9500,0.5048
2019-10-01,"2,940.2500",-36.4900,-1.2258
2019-10-02,"2,887.6100",-52.6399,-1.7903
2019-10-03,"2,910.6300",23.0198,0.7972
2019-10-04,"2,952.0100",41.3801,1.4217
2019-10-07,"2,938.7900",-13.2200,-0.4478
2019-10-08,"2,893.0600",-45.7300,-1.5561
2019-10-09,"2,919.4000",26.3398,0.9104
2019-10-10,"2,938.1300",18.7300,0.6416
2019-10-11,"2,970.2700",32.1401,1.0939
2019-10-14,"2,966.1500",-4.1201,-0.1387
2019-10-15,"2,995.6800",29.5300,0.9956
2019-10-16,"2,989.6900",-5.9900,-0.2000
2019-10-17,"2,997.9500",8.2600,0.2763
2019-10-18,"2,986.2000",-11.7500,-0.3919
2019-10-21,"3,006.7200",20.5200,0.6872
2019-10-22,"2,995.9900",-10.7300,-0.3569
2019-10-23,"3,004.5200",8.5300,0.2847
2019-10-24,"3,010.2900",5.7700,0.1920
2019-10-25,"3,022.5500",12.2600,0.4073
2019-10-28,"3,039.4200",16.8699,0.5581
2019-10-29,"3,036.8900",-2.5300,-0.0832
2019-10-30,"3,046.7700",9.8801,0.3253
2019-10-31,"3,037.5600",-9.2100,-0.3023
2019-11-01,"3,066.9100",29.3499,0.9662
2019-11-04,"3,078.2700",11.3601,0.3704
2019-11-05,"3,074.6200",-3.6499,-0.1186
2019-11-06,"3,076.7800",2.1599,0.0702
2019-11-07,"3,085.1800",8.3999,0.2730
2019-11-08,"3,093.0800",7.9001,0.2561
2019-11-11,"3,087.0100",-6.0701,-0.1962
2019-11-12,"3,091.8400",4.8301,0.1565
2019-11-13,"3,094.0400",2.2000,0.0712
2019-11-14,"3,096.6300",2.5898,0.0837
2019-11-15,"3,120.4600",23.8301,0.7695
2019-11-18,"3,122.0300",1.5701,0.0503
2019-11-19,"3,120.1800",-1.8501,-0.0593
2019-11-20,"3,108.4600",-11.7200,-0.3756
2019-11-21,"3,103.5400",-4.9199,-0.1583
2019-11-22,"3,110.2900",6.7500,0.2175
2019-11-25,"3,133.6400",23.3499,0.7507
2019-11-26,"3,140.5200",6.8801,0.2196
2019-11-27,"3,153.6300",13.1099,0.4174
2019-11-29,"3,140.9800",-12.6499,-0.4011
2019-12-02,"3,113.8700",-27.1099,-0.8631
2019-12-03,"3,093.2000",-20.6702,-0.6638
2019-12-04,"3,112.7600",19.5601,0.6324
2019-12-05,"3,117.4300",4.6699,0.1500
2019-12-06,"3,145.9100",28.4800,0.9136
2019-12-09,"3,135.9600",-9.9500,-0.3163
2019-12-10,"3,132.5200",-3.4399,-0.1097
2019-12-11,"3,141.6300",9.1099,0.2908
2019-12-12,"3,168.5700",26.9402,0.8575
2019-12-13,"3,168.8000",0.2300,0.0073
2019-12-16,"3,191.4500",22.6499,0.7148
2019-12-17,"3,192.5200",1.0701,0.0335
2019-12-18,"3,191.1400",-1.3801,-0.0432
2019-12-19,"3,205.3700",14.2302,0.4459
2019-12-20,"3,221.2200",15.8499,0.4945
2019-12-23,"3,224.0100",2.7900,0.0866
2019-12-24,"3,223.3800",-0.6301,-0.0195
2019-12-26,"3,239.9100",16.5300,0.5128
2019-12-27,"3,240.0200",0.1101,0.0034
2019-12-30,"3,221.2900",-18.7300,-0.5781
2019-12-31,"3,230.7800",9.4900,0.2946
2020-01-02,"3,257.8500",27.0701,0.8379
2020-01-03,"3,234.8500",-23.0000,-0.7060
2020-01-06,"3,246.2800",11.4299,0.3533
2020-01-07,"3,237.1800",-9.1001,-0.2803
2020-01-08,"3,253.0500",15.8701,0.4902
2020-01-09,"3,274.7000",21.6499,0.6655
2020-01-10,"3,265.3500",-9.3499,-0.2855
2020-01-13,"3,288.1300",22.7798,0.6976
2020-01-14,"3,283.1500",-4.9800,-0.1515
2020-01-15,"3,289.2900",6.1401,0.1870
2020-01-16,"3,316.8100",27.5200,0.8367
2020-01-17,"3,329.6200",12.8101,0.3862
2020-01-21,"3,320.7900",-8.8301,-0.2652
2020-01-22,"3,321.7500",0.9600,0.0289
2020-01-23,"3,325.5400",3.7900,0.1141
2020-01-24,"3,295.4700",-30.0701,-0.9042
2020-01-27,"3,243.6300",-51.8401,-1.5731
2020-01-28,"3,276.2400",32.6101,1.0054
2020-01-29,"3,273.4000",-2.8401,-0.0867
2020-01-30,"3,283.6600",10.2600,0.3134
2020-01-31,"3,225.5200",-58.1399,-1.7706
2020-02-03,"3,248.9200",23.3999,0.7255
2020-02-04,"3,297.5900",48.6702,1.4980
2020-02-05,"3,334.6900",37.0999,1.1251
2020-02-06,"3,345.7800",11.0901,0.3326
2020-02-07,"3,327.7100",-18.0701,-0.5401
2020-02-10,"3,352.0900",24.3801,0.7326
2020-02-11,"3,357.7500",5.6599,0.1688
2020-02-12,"3,379.4500",21.7000,0.6463
2020-02-13,"3,373.9400",-5.5100,-0.1630
2020-02-14,"3,380.1600",6.2200,0.1844
2020-02-18,"3,370.2900",-9.8699,-0.2920
2020-02-19,"3,386.1500",15.8599,0.4706
2020-02-20,"3,373.2300",-12.9199,-0.3816
2020-02-21,"3,337.7500",-35.4800,-1.0518
2020-02-24,"3,225.8900",-111.8601,-3.3514
2020-02-25,"3,128.2100",-97.6799,-3.0280
2020-02-26,"3,116.3900",-11.8201,-0.3779
2020-02-27,"2,978.7600",-137.6299,-4.4163
2020-02-28,"2,954.2200",-24.5400,-0.8238
2020-03-02,"3,090.2300",136.0100,4.6039
2020-03-03,"3,003.3700",-86.8599,-2.8108
2020-03-04,"3,130.1200",126.7500,4.2203
2020-03-05,"3,023.9400",-106.1802,-3.3922
2020-03-06,"2,972.3700",-51.5698,-1.7054
2020-03-09,"2,746.5600",-225.8101,-7.5970
2020-03-10,"2,882.2300",135.6699,4.9396
2020-03-11,"2,741.3800",-140.8501,-4.8868
2020-03-12,"2,480.6400",-260.7400,-9.5113
2020-03-13,"2,711.0200",230.3801,9.2871
2020-03-16,"2,386.1300",-324.8901,-11.9841
2020-03-17,"2,529.1900",143.0601,5.9955
2020-03-18,"2,398.1000",-131.0898,-5.1831
2020-03-19,"2,409.3900",11.2898,0.4708
2020-03-20,"2,304.9200",-104.4700,-4.3360
2020-03-23,"2,237.4000",-67.5200,-2.9294
2020-03-24,"2,447.3300",209.9302,9.3828
2020-03-25,"2,475.5600",28.2300,1.1535
2020-03-26,"2,630.0700",154.5100,6.2414
2020-03-27,"2,541.4700",-88.6001,-3.3687
2020-03-30,"2,626.6500",85.1799,3.3516
2020-03-31,"2,584.5900",-42.0598,-1.6013
2020-04-01,"2,470.5000",-114.0901,-4.4142
2020-04-02,"2,526.9000",56.3999,2.2829
2020-04-03,"2,488.6500",-38.2500,-1.5137
2020-04-06,"2,663.6800",175.0300,7.0331
2020-04-07,"2,659.4100",-4.2700,-0.1603
2020-04-08,"2,749.9800",90.5701,3.4056
2020-04-09,"2,789.8200",39.8401,1.4487
2020-04-13,"2,761.6300",-28.1902,-1.0105
2020-04-14,"2,846.0600",84.4302,3.0573
2020-04-15,"2,783.3600",-62.7000,-2.2030
2020-04-16,"2,799.5500",16.1899,0.5817
2020-04-17,"2,874.5600",75.0100,2.6794
2020-04-20,"2,823.1600",-51.4001,-1.7881
2020-04-21,"2,736.5600",-86.5999,-3.0675
2020-04-22,"2,799.3100",62.7500,2.2930
2020-04-23,"2,797.8000",-1.5100,-0.0539
2020-04-24,"2,836.7400",38.9399,1.3918
2020-04-27,"2,878.4800",41.7400,1.4714
2020-04-28,"2,863.3900",-15.0901,-0.5242
2020-04-29,"2,939.5100",76.1201,2.6584
2020-04-30,"2,912.4300",-27.0801,-0.9212
2020-05-01,"2,830.7100",-81.7200,-2.8059
2020-05-04,"2,842.7400",12.0300,0.4250
2020-05-05,"2,868.4400",25.7000,0.9041
2020-05-06,"2,848.4200",-20.0200,-0.6979
2020-05-07,"2,881.1900",32.7700,1.1505
2020-05-08,"2,929.8000",48.6101,1.6872
2020-05-11,"2,930.3200",0.5200,0.0177
2020-05-12,"2,870.1200",-60.2000,-2.0544
2020-05-13,"2,820.0000",-50.1201,-1.7463
2020-05-14,"2,852.5000",32.5000,1.1525
2020-05-15,"2,863.7000",11.2000,0.3926
2020-05-18,"2,953.9100",90.2100,3.1501
2020-05-19,"2,922.9400",-30.9700,-1.0484
2020-05-20,"2,971.6100",48.6702,1.6651
2020-05-21,"2,948.5100",-23.1001,-0.7774
2020-05-22,"2,955.4500",6.9399,0.2354
2020-05-26,"2,991.7700",36.3201,1.2289
2020-05-27,"3,036.1300",44.3599,1.4827
2020-05-28,"3,029.7300",-6.3999,-0.2108
2020-05-29,"3,044.3100",14.5801,0.4812
2020-06-01,"3,055.7300",11.4199,0.3751
2020-06-02,"3,080.8200",25.0901,0.8211
2020-06-03,"3,122.8700",42.0500,1.3649
2020-06-04,"3,112.3500",-10.5200,-0.3369
2020-06-05,"3,193.9300",81.5798,2.6212
2020-06-08,"3,232.3900",38.4600,1.2042
2020-06-09,"3,207.1800",-25.2100,-0.7799
2020-06-10,"3,190.1400",-17.0400,-0.5313
2020-06-11,"3,002.1000",-188.0398,-5.8944
2020-06-12,"3,041.3100",39.2100,1.3061
2020-06-15,"3,066.5900",25.2800,0.8312
2020-06-16,"3,124.7400",58.1499,1.8962
2020-06-17,"3,113.4900",-11.2500,-0.3600
2020-06-18,"3,115.3400",1.8501,0.0594
2020-06-19,"3,097.7400",-17.6001,-0.5649
2020-06-22,"3,117.8600",20.1201,0.6495
2020-06-23,"3,131.2900",13.4299,0.4307
2020-06-24,"3,050.3300",-80.9600,-2.5855
2020-06-25,"3,083.7600",33.4299,1.0959
2020-06-26,"3,009.0500",-74.7100,-2.4227
2020-06-29,"3,053.2400",44.1899,1.4686
2020-06-30,"3,100.2900",47.0500,1.5410
2020-07-01,"3,115.8600",15.5701,0.5022
2020-07-02,"3,130.0100",14.1499,0.4541
2020-07-06,"3,179.7200",49.7100,1.5882
2020-07-07,"3,145.3200",-34.3999,-1.0819
2020-07-08,"3,169.9400",24.6199,0.7827
2020-07-09,"3,152.0500",-17.8899,-0.5644
2020-07-10,"3,185.0400",32.9900,1.0466
2020-07-13,"3,155.2200",-29.8201,-0.9363
2020-07-14,"3,197.5200",42.3000,1.3406
2020-07-15,"3,226.5600",29.0400,0.9082
2020-07-16,"3,215.5700",-10.9900,-0.3406
2020-07-17,"3,224.7300",9.1599,0.2849
2020-07-20,"3,251.8400",27.1101,0.8407
2020-07-21,"3,257.3000",5.4600,0.1679
2020-07-22,"3,276.0200",18.7200,0.5747
2020-07-23,"3,235.6600",-40.3601,-1.2320
2020-07-24,"3,215.6300",-20.0300,-0.6190
2020-07-27,"3,239.4100",23.7800,0.7395
2020-07-28,"3,218.4400",-20.9700,-0.6473
2020-07-29,"3,258.4400",40.0000,1.2428
2020-07-30,"3,246.2200",-12.2200,-0.3750
2020-07-31,"3,271.1200",24.9001,0.7670
2020-08-03,"3,294.6100",23.4900,0.7181
2020-08-04,"3,306.5100",11.8999,0.3612
2020-08-05,"3,327.7700",21.2600,0.6430
2020-08-06,"3,349.1600",21.3899,0.6428
2020-08-07,"3,351.2800",2.1201,0.0633
2020-08-10,"3,360.4700",9.1899,0.2742
2020-08-11,"3,333.6900",-26.7800,-0.7969
2020-08-12,"3,380.3500",46.6602,1.3997
2020-08-13,"3,373.4300",-6.9202,-0.2047
2020-08-14,"3,372.8500",-0.5798,-0.0172
2020-08-17,"3,381.9900",9.1399,0.2710
2020-08-18,"3,389.7800",7.7900,0.2303
2020-08-19,"3,374.8500",-14.9299,-0.4404
2020-08-20,"3,385.5100",10.6599,0.3159
2020-08-21,"3,397.1600",11.6499,0.3441
2020-08-24,"3,431.2800",34.1201,1.0044
2020-08-25,"3,443.6200",12.3401,0.3596
2020-08-26,"3,478.7300",35.1099,1.0196
2020-08-27,"3,484.5500",5.8201,0.1673
2020-08-28,"3,508.0100",23.4600,0.6733
2020-08-31,"3,500.3100",-7.7000,-0.2195
2020-09-01,"3,526.6500",26.3398,0.7525
2020-09-02,"3,580.8400",54.1902,1.5366
2020-09-03,"3,455.0600",-125.7800,-3.5126
2020-09-04,"3,426.9600",-28.1001,-0.8133
2020-09-08,"3,331.8400",-95.1199,-2.7756
2020-09-09,"3,398.9600",67.1199,2.0145
2020-09-10,"3,339.1900",-59.7700,-1.7585
2020-09-11,"3,340.9700",1.7800,0.0533
2020-09-14,"3,383.5400",42.5701,1.2742
2020-09-15,"3,401.2000",17.6599,0.5219
2020-09-16,"3,385.4900",-15.7100,-0.4619
2020-09-17,"3,357.0100",-28.4800,-0.8412
2020-09-18,"3,319.4700",-37.5400,-1.1183
2020-09-21,"3,281.0600",-38.4099,-1.1571
2020-09-22,"3,315.5700",34.5100,1.0518
2020-09-23,"3,236.9200",-78.6501,-2.3721
2020-09-24,"3,246.5900",9.6702,0.2987
2020-09-25,"3,298.4600",51.8699,1.5977
2020-09-28,"3,351.6000",53.1401,1.6111
2020-09-29,"3,335.4700",-16.1301,-0.4813
2020-09-30,"3,363.0000",27.5300,0.8254
2020-10-01,"3,380.8000",17.8000,0.5293
2020-10-02,"3,348.4400",-32.3601,-0.9572
2020-10-05,"3,408.6300",60.1899,1.7976
2020-10-06,"3,360.9500",-47.6799,-1.3988
2020-10-07,"3,419.4500",58.5000,1.7406
2020-10-08,"3,446.8300",27.3801,0.8007
2020-10-09,"3,477.1300",30.2998,0.8791
2020-10-12,"3,534.2200",57.0901,1.6419
2020-10-13,"3,511.9300",-22.2900,-0.6307
2020-10-14,"3,488.6700",-23.2600,-0.6623
2020-10-15,"3,483.3400",-5.3298,-0.1528
2020-10-16,"3,483.8100",0.4700,0.0135
2020-10-19,"3,426.9200",-56.8901,-1.6330
2020-10-20,"3,443.1200",16.2002,0.4727
2020-10-21,"3,435.5600",-7.5601,-0.2196
2020-10-22,"3,453.4900",17.9299,0.5219
2020-10-23,"3,465.3900",11.8999,0.3446
2020-10-26,"3,400.9700",-64.4199,-1.8590
2020-10-27,"3,390.6800",-10.2900,-0.3026
2020-10-28,"3,271.0300",-119.6499,-3.5288
2020-10-29,"3,310.1100",39.0801,1.1947
2020-10-30,"3,269.9600",-40.1501,-1.2130
2020-11-02,"3,310.2400",40.2800,1.2318
2020-11-03,"3,369.1600",58.9199,1.7799
2020-11-04,"3,443.4400",74.2800,2.2047
2020-11-05,"3,510.4500",67.0100,1.9460
2020-11-06,"3,509.4400",-1.0100,-0.0288
2020-11-09,"3,550.5000",41.0601,1.1700
2020-11-10,"3,545.5300",-4.9700,-0.1400
2020-11-11,"3,572.6600",27.1299,0.7652
2020-11-12,"3,537.0100",-35.6499,-0.9979
2020-11-13,"3,585.1500",48.1399,1.3610
2020-11-16,"3,626.9100",41.7600,1.1648
2020-11-17,"3,609.5300",-17.3799,-0.4792
2020-11-18,"3,567.7900",-41.7400,-1.1564
2020-11-19,"3,581.8700",14.0801,0.3946
2020-11-20,"3,557.5400",-24.3301,-0.6793
2020-11-23,"3,577.5900",20.0500,0.5636
2020-11-24,"3,635.4100",57.8198,1.6162
2020-11-25,"3,629.6500",-5.7600,-0.1584
2020-11-27,"3,638.3500",8.7002,0.2397
2020-11-30,"3,621.6300",-16.7202,-0.4596
2020-12-01,"3,662.4500",40.8201,1.1271
2020-12-02,"3,669.0100",6.5601,0.1791
2020-12-03,"3,666.7200",-2.2900,-0.0624
2020-12-04,"3,699.1200",32.4001,0.8836
2020-12-07,"3,691.9600",-7.1602,-0.1936
2020-12-08,"3,702.2500",10.2900,0.2787
2020-12-09,"3,672.8200",-29.4299,-0.7949
2020-12-10,"3,668.1000",-4.7200,-0.1285
2020-12-11,"3,663.4600",-4.6401,-0.1265
2020-12-14,"3,647.4900",-15.9700,-0.4359
2020-12-15,"3,694.6200",47.1301,1.2921
2020-12-16,"3,701.1700",6.5498,0.1773
2020-12-17,"3,722.4800",21.3101,0.5758
2020-12-18,"3,709.4100",-13.0701,-0.3511
2020-12-21,"3,694.9200",-14.4900,-0.3906
2020-12-22,"3,687.2600",-7.6599,-0.2073
2020-12-23,"3,690.0100",2.7500,0.0746
2020-12-24,"3,703.0600",13.0500,0.3537
2020-12-28,"3,735.3600",32.3000,0.8723
2020-12-29,"3,727.0400",-8.3201,-0.2227
2020-12-30,"3,732.0400",5.0000,0.1342
2020-12-31,"3,756.0700",24.0300,0.6439
2021-01-04,"3,700.6500",-55.4202,-1.4755
2021-01-05,"3,726.8600",26.2102,0.7083
2021-01-06,"3,748.1400",21.2798,0.5710
2021-01-07,"3,803.7900",55.6501,1.4847
2021-01-08,"3,824.6800",20.8899,0.5492
2021-01-11,"3,799.6100",-25.0698,-0.6555
2021-01-12,"3,801.1900",1.5798,0.0416
2021-01-13,"3,809.8400",8.6501,0.2276
2021-01-14,"3,795.5400",-14.3000,-0.3753
2021-01-15,"3,768.2500",-27.2900,-0.7190
2021-01-19,"3,798.9100",30.6599,0.8136
2021-01-20,"3,851.8500",52.9402,1.3936
2021-01-21,"3,853.0700",1.2200,0.0317
2021-01-22,"3,841.4700",-11.6001,-0.3011
2021-01-25,"3,855.3600",13.8901,0.3616
2021-01-26,"3,849.6200",-5.7400,-0.1489
2021-01-27,"3,750.7700",-98.8501,-2.5678
2021-01-28,"3,787.3800",36.6099,0.9761
2021-01-29,"3,714.2400",-73.1399,-1.9311
2021-02-01,"3,773.8600",59.6201,1.6052
2021-02-02,"3,826.3100",52.4500,1.3898
2021-02-03,"3,830.1700",3.8599,0.1009
2021-02-04,"3,871.7400",41.5701,1.0853
2021-02-05,"3,886.8300",15.0901,0.3897
2021-02-08,"3,915.5900",28.7600,0.7399
2021-02-09,"3,911.2300",-4.3601,-0.1114
2021-02-10,"3,909.8800",-1.3501,-0.0345
2021-02-11,"3,916.3800",6.5000,0.1662
2021-02-12,"3,934.8300",18.4502,0.4711
2021-02-16,"3,932.5900",-2.2400,-0.0569
2021-02-17,"3,931.3300",-1.2600,-0.0320
2021-02-18,"3,913.9700",-17.3601,-0.4416
2021-02-19,"3,906.7100",-7.2600,-0.1855
2021-02-22,"3,876.5000",-30.2100,-0.7733
2021-02-23,"3,881.3700",4.8701,0.1256
2021-02-24,"3,925.4300",44.0598,1.1352
2021-02-25,"3,829.3400",-96.0898,-2.4479
2021-02-26,"3,811.1500",-18.1902,-0.4750
2021-03-01,"3,901.8200",90.6702,2.3791
2021-03-02,"3,870.2900",-31.5300,-0.8081
2021-03-03,"3,819.7200",-50.5701,-1.3066
2021-03-04,"3,768.4700",-51.2500,-1.3417
2021-03-05,"3,841.9400",73.4700,1.9496
2021-03-08,"3,821.3500",-20.5898,-0.5359
2021-03-09,"3,875.4400",54.0898,1.4155
2021-03-10,"3,898.8100",23.3701,0.6030
2021-03-11,"3,939.3400",40.5300,1.0395
2021-03-12,"3,943.3400",4.0000,0.1015
2021-03-15,"3,968.9400",25.5999,0.6492
2021-03-16,"3,962.7100",-6.2300,-0.1570
2021-03-17,"3,974.1200",11.4102,0.2879
2021-03-18,"3,915.4600",-58.6602,-1.4761
2021-03-19,"3,913.1000",-2.3599,-0.0603
2021-03-22,"3,940.5900",27.4900,0.7025
2021-03-23,"3,910.5200",-30.0701,-0.7631
2021-03-24,"3,889.1400",-21.3801,-0.5467
2021-03-25,"3,909.5200",20.3801,0.5240
2021-03-26,"3,974.5400",65.0200,1.6631
2021-03-29,"3,971.0900",-3.4500,-0.0868
2021-03-30,"3,958.5500",-12.5400,-0.3158
2021-03-31,"3,972.8900",14.3398,0.3622
2021-04-01,"4,019.8700",46.9802,1.1825
2021-04-05,"4,077.9100",58.0398,1.4438
2021-04-06,"4,073.9400",-3.9700,-0.0974
2021-04-07,"4,079.9500",6.0100,0.1475
2021-04-08,"4,097.1700",17.2200,0.4221
2021-04-09,"4,128.8000",31.6299,0.7720
2021-04-12,"4,127.9900",-0.8096,-0.0196
2021-04-13,"4,141.1700",13.1797,0.3193
2021-04-14,"4,124.6600",-16.5098,-0.3987
2021-04-15,"4,170.4200",45.7598,1.1094
2021-04-16,"4,185.4700",15.0503,0.3609
2021-04-19,"4,163.2800",-22.1904,-0.5302
2021-04-20,"4,134.9400",-28.3398,-0.6807
2021-04-21,"4,173.4200",38.4800,0.9306
2021-04-22,"4,134.9800",-38.4399,-0.9211
2021-04-23,"4,180.1700",45.1899,1.0929
2021-04-26,"4,187.6200",7.4502,0.1782
2021-04-27,"4,186.7200",-0.8999,-0.0215
2021-04-28,"4,183.1800",-3.5400,-0.0846
2021-04-29,"4,211.4700",28.2900,0.6763
2021-04-30,"4,181.1700",-30.3003,-0.7195
2021-05-03,"4,192.6600",11.4902,0.2748
2021-05-04,"4,164.6600",-28.0000,-0.6678
2021-05-05,"4,167.5900",2.9297,0.0703
2021-05-06,"4,201.6200",34.0303,0.8165
2021-05-07,"4,232.6000",30.9800,0.7373
2021-05-10,"4,188.4300",-44.1699,-1.0436
2021-05-11,"4,152.1000",-36.3301,-0.8674
2021-05-12,"4,063.0400",-89.0601,-2.1449
2021-05-13,"4,112.5000",49.4600,1.2173
2021-05-14,"4,173.8500",61.3501,1.4918
2021-05-17,"4,163.2900",-10.5601,-0.2530
2021-05-18,"4,127.8300",-35.4600,-0.8517
2021-05-19,"4,115.6800",-12.1499,-0.2943
2021-05-20,"4,159.1200",43.4399,1.0555
2021-05-21,"4,155.8600",-3.2603,-0.0784
2021-05-24,"4,197.0500",41.1899,0.9911
2021-05-25,"4,188.1300",-8.9199,-0.2125
2021-05-26,"4,195.9900",7.8604,0.1877
2021-05-27,"4,200.8800",4.8896,0.1165
2021-05-28,"4,204.1100",3.2300,0.0769
2021-06-01,"4,202.0400",-2.0698,-0.0492
2021-06-02,"4,208.1200",6.0801,0.1447
2021-06-03,"4,192.8500",-15.2700,-0.3629
2021-06-04,"4,229.8900",37.0400,0.8834
2021-06-07,"4,226.5200",-3.3701,-0.0797
2021-06-08,"4,227.2600",0.7397,0.0175
2021-06-09,"4,219.5500",-7.7100,-0.1824
2021-06-10,"4,239.1800",19.6304,0.4652
2021-06-11,"4,247.4400",8.2598,0.1948
2021-06-14,"4,255.1500",7.7100,0.1815
2021-06-15,"4,246.5900",-8.5601,-0.2012
2021-06-16,"4,223.7000",-22.8896,-0.5390
2021-06-17,"4,221.8600",-1.8403,-0.0436
2021-06-18,"4,166.4500",-55.4097,-1.3124
2021-06-21,"4,224.7900",58.3398,1.4002
2021-06-22,"4,246.4400",21.6499,0.5124
2021-06-23,"4,241.8400",-4.6001,-0.1083
2021-06-24,"4,266.4900",24.6504,0.5811
2021-06-25,"4,280.7000",14.2100,0.3331
2021-06-28,"4,290.6100",9.9097,0.2315
2021-06-29,"4,291.8000",1.1899,0.0277
2021-06-30,"4,297.5000",5.7002,0.1328
2021-07-01,"4,319.9400",22.4399,0.5222
2021-07-02,"4,352.3400",32.3999,0.7500
2021-07-06,"4,343.5400",-8.7998,-0.2022
2021-07-07,"4,358.1300",14.5898,0.3359
2021-07-08,"4,320.8200",-37.3101,-0.8561
2021-07-09,"4,369.5500",48.7300,1.1278
2021-07-12,"4,384.6300",15.0801,0.3451
2021-07-13,"4,369.2100",-15.4199,-0.3517
2021-07-14,"4,374.3000",5.0898,0.1165
2021-07-15,"4,360.0300",-14.2700,-0.3262
2021-07-16,"4,327.1600",-32.8696,-0.7539
2021-07-19,"4,258.4900",-68.6699,-1.5870
2021-07-20,"4,323.0600",64.5698,1.5163
2021-07-21,"4,358.6900",35.6299,0.8242
2021-07-22,"4,367.4800",8.7900,0.2017
2021-07-23,"4,411.7900",44.3101,1.0145
2021-07-26,"4,422.3000",10.5098,0.2382
2021-07-27,"4,401.4600",-20.8398,-0.4712
2021-07-28,"4,400.6400",-0.8198,-0.0186
2021-07-29,"4,419.1500",18.5098,0.4206
2021-07-30,"4,395.2600",-23.8901,-0.5406
2021-08-02,"4,387.1600",-8.0996,-0.1843
2021-08-03,"4,423.1500",35.9897,0.8203
2021-08-04,"4,402.6600",-20.4897,-0.4632
2021-08-05,"4,429.1000",26.4399,0.6005
2021-08-06,"4,436.5200",7.4199,0.1675
2021-08-09,"4,432.3500",-4.1699,-0.0940
2021-08-10,"4,436.7500",4.3999,0.0993
2021-08-11,"4,447.7000",10.9502,0.2468
2021-08-12,"4,460.8300",13.1299,0.2952
2021-08-13,"4,468.0000",7.1699,0.1607
2021-08-16,"4,479.7100",11.7100,0.2621
2021-08-17,"4,448.0800",-31.6299,-0.7061
2021-08-18,"4,400.2700",-47.8101,-1.0748
2021-08-19,"4,405.8000",5.5298,0.1257
2021-08-20,"4,441.6700",35.8701,0.8142
2021-08-23,"4,479.5300",37.8599,0.8524
2021-08-24,"4,486.2300",6.7002,0.1496
2021-08-25,"4,496.1900",9.9600,0.2220
2021-08-26,"4,470.0000",-26.1899,-0.5825
2021-08-27,"4,509.3700",39.3701,0.8808
2021-08-30,"4,528.7900",19.4199,0.4307
2021-08-31,"4,522.6800",-6.1099,-0.1349
2021-09-01,"4,524.0900",1.4097,0.0312
2021-09-02,"4,536.9500",12.8604,0.2843
2021-09-03,"4,535.4300",-1.5200,-0.0335
2021-09-07,"4,520.0300",-15.4004,-0.3396
2021-09-08,"4,514.0700",-5.9600,-0.1319
2021-09-09,"4,493.2800",-20.7900,-0.4606
2021-09-10,"4,458.5800",-34.6997,-0.7723
2021-09-13,"4,468.7300",10.1499,0.2276
2021-09-14,"4,443.0500",-25.6802,-0.5747
2021-09-15,"4,480.7000",37.6504,0.8474
2021-09-16,"4,473.7500",-6.9502,-0.1551
2021-09-17,"4,432.9900",-40.7598,-0.9111
2021-09-20,"4,357.7300",-75.2603,-1.6977
2021-09-21,"4,354.1900",-3.5400,-0.0812
2021-09-22,"4,395.6400",41.4502,0.9520
2021-09-23,"4,448.9800",53.3398,1.2135
2021-09-24,"4,455.4800",6.5000,0.1461
2021-09-27,"4,443.1100",-12.3701,-0.2776
2021-09-28,"4,352.6300",-90.4800,-2.0364
2021-09-29,"4,359.4600",6.8301,0.1569
2021-09-30,"4,307.5400",-51.9199,-1.1910
2021-10-01,"4,357.0400",49.5000,1.1491
2021-10-04,"4,300.4600",-56.5801,-1.2986
2021-10-05,"4,345.7200",45.2603,1.0525
2021-10-06,"4,363.5500",17.8296,0.4103
2021-10-07,"4,399.7600",36.2100,0.8298
2021-10-08,"4,391.3400",-8.4199,-0.1914
2021-10-11,"4,361.1900",-30.1499,-0.6866
2021-10-12,"4,350.6500",-10.5400,-0.2417
2021-10-13,"4,363.8000",13.1499,0.3023
2021-10-14,"4,438.2600",74.4600,1.7063
2021-10-15,"4,471.3700",33.1104,0.7460
2021-10-18,"4,486.4600",15.0898,0.3375
2021-10-19,"4,519.6300",33.1699,0.7393
2021-10-20,"4,536.1900",16.5601,0.3664
2021-10-21,"4,549.7800",13.5898,0.2996
2021-10-22,"4,544.9000",-4.8799,-0.1073
2021-10-25,"4,566.4800",21.5801,0.4748
2021-10-26,"4,574.7900",8.3101,0.1820
2021-10-27,"4,551.6800",-23.1099,-0.5052
2021-10-28,"4,596.4200",44.7397,0.9829
2021-10-29,"4,605.3800",8.9600,0.1949
2021-11-01,"4,613.6700",8.2900,0.1800
2021-11-02,"4,630.6500",16.9800,0.3680
2021-11-03,"4,660.5700",29.9199,0.6461
2021-11-04,"4,680.0600",19.4902,0.4182
2021-11-05,"4,697.5300",17.4697,0.3733
2021-11-08,"4,701.7000",4.1704,0.0888
2021-11-09,"4,685.2500",-16.4502,-0.3499
2021-11-10,"4,646.7100",-38.5400,-0.8226
2021-11-11,"4,649.2700",2.5601,0.0551
2021-11-12,"4,682.8500",33.5801,0.7223
2021-11-15,"4,682.8000",-0.0503,-0.0011
2021-11-16,"4,700.9000",18.1001,0.3865
2021-11-17,"4,688.6700",-12.2300,-0.2602
2021-11-18,"4,704.5400",15.8701,0.3385
2021-11-19,"4,697.9600",-6.5801,-0.1399
2021-11-22,"4,682.9400",-15.0200,-0.3197
2021-11-23,"4,690.7000",7.7603,0.1657
2021-11-24,"4,701.4600",10.7598,0.2294
2021-11-26,"4,594.6200",-106.8398,-2.2725
2021-11-29,"4,655.2700",60.6499,1.3200
2021-11-30,"4,567.0000",-88.2700,-1.8961
2021-12-01,"4,513.0400",-53.9600,-1.1815
2021-12-02,"4,577.1000",64.0601,1.4194
2021-12-03,"4,538.4300",-38.6699,-0.8449
2021-12-06,"4,591.6700",53.2397,1.1731
2021-12-07,"4,686.7500",95.0801,2.0707
2021-12-08,"4,701.2100",14.4600,0.3085
2021-12-09,"4,667.4500",-33.7598,-0.7181
2021-12-10,"4,712.0200",44.5698,0.9549
2021-12-13,"4,668.9700",-43.0498,-0.9136
2021-12-14,"4,634.0900",-34.8804,-0.7471
2021-12-15,"4,709.8500",75.7603,1.6348
2021-12-16,"4,668.6700",-41.1802,-0.8743
2021-12-17,"4,620.6400",-48.0298,-1.0288
2021-12-20,"4,568.0200",-52.6201,-1.1388
2021-12-21,"4,649.2300",81.2100,1.7778
2021-12-22,"4,696.5600",47.3301,1.0180
2021-12-23,"4,725.7900",29.2300,0.6224
2021-12-27,"4,791.1900",65.3999,1.3839
2021-12-28,"4,786.3500",-4.8398,-0.1010
2021-12-29,"4,793.0600",6.7100,0.1402
2021-12-30,"4,778.7300",-14.3301,-0.2990
2021-12-31,"4,766.1800",-12.5498,-0.2626
2022-01-03,"4,796.5600",30.3799,0.6374
2022-01-04,"4,793.5400",-3.0200,-0.0630
2022-01-05,"4,700.5800",-92.9600,-1.9393
2022-01-06,"4,696.0500",-4.5303,-0.0964
2022-01-07,"4,677.0300",-19.0200,-0.4050
2022-01-10,"4,670.2900",-6.7397,-0.1441
2022-01-11,"4,713.0700",42.7798,0.9160
2022-01-12,"4,726.3500",13.2803,0.2818
2022-01-13,"4,659.0300",-67.3203,-1.4244
2022-01-14,"4,662.8500",3.8203,0.0820
2022-01-18,"4,577.1100",-85.7402,-1.8388
2022-01-19,"4,532.7600",-44.3501,-0.9690
2022-01-20,"4,482.7300",-50.0298,-1.1037
2022-01-21,"4,397.9400",-84.7900,-1.8915
2022-01-24,"4,410.1300",12.1899,0.2772
2022-01-25,"4,356.4500",-53.6797,-1.2172
2022-01-26,"4,349.9300",-6.5200,-0.1497
2022-01-27,"4,326.5100",-23.4204,-0.5384
2022-01-28,"4,431.8500",105.3403,2.4348
2022-01-31,"4,515.5500",83.6997,1.8886
2022-02-01,"4,546.5400",30.9902,0.6863
2022-02-02,"4,589.3800",42.8398,0.9423
2022-02-03,"4,477.4400",-111.9399,-2.4391
2022-02-04,"4,500.5300",23.0898,0.5157
2022-02-07,"4,483.8700",-16.6597,-0.3702
2022-02-08,"4,521.5400",37.6699,0.8401
2022-02-09,"4,587.1800",65.6401,1.4517
2022-02-10,"4,504.0800",-83.1001,-1.8116
2022-02-11,"4,418.6400",-85.4399,-1.8969
2022-02-14,"4,401.6700",-16.9702,-0.3841
2022-02-15,"4,471.0700",69.3999,1.5767
2022-02-16,"4,475.0100",3.9399,0.0881
2022-02-17,"4,380.2600",-94.7500,-2.1173
2022-02-18,"4,348.8700",-31.3896,-0.7166
2022-02-22,"4,304.7600",-44.1104,-1.0143
2022-02-23,"4,225.5000",-79.2598,-1.8412
2022-02-24,"4,288.7000",63.2002,1.4957
2022-02-25,"4,384.6500",95.9497,2.2373
2022-02-28,"4,373.9400",-10.7100,-0.2443
2022-03-01,"4,306.2600",-67.6802,-1.5474
2022-03-02,"4,386.5400",80.2803,1.8643
2022-03-03,"4,363.4900",-23.0498,-0.5255
2022-03-04,"4,328.8700",-34.6201,-0.7934
2022-03-07,"4,201.0900",-127.7803,-2.9518
2022-03-08,"4,170.7000",-30.3896,-0.7234
2022-03-09,"4,277.8800",107.1797,2.5698
2022-03-10,"4,259.5200",-18.3599,-0.4292
2022-03-11,"4,204.3100",-55.2100,-1.2962
2022-03-14,"4,173.1100",-31.2002,-0.7421
2022-03-15,"4,262.4500",89.3403,2.1409
2022-03-16,"4,357.8600",95.4097,2.2384
2022-03-17,"4,411.6700",53.8101,1.2348
2022-03-18,"4,463.1200",51.4502,1.1662
2022-03-21,"4,461.1800",-1.9399,-0.0435
2022-03-22,"4,511.6100",50.4297,1.1304
2022-03-23,"4,456.2400",-55.3696,-1.2273
2022-03-24,"4,520.1600",63.9199,1.4344
2022-03-25,"4,543.0600",22.8999,0.5066
2022-03-28,"4,575.5200",32.4600,0.7145
2022-03-29,"4,631.6000",56.0801,1.2257
2022-03-30,"4,602.4500",-29.1499,-0.6294
2022-03-31,"4,530.4100",-72.0400,-1.5653
2022-04-01,"4,545.8600",15.4497,0.3410
2022-04-04,"4,582.6400",36.7803,0.8091
2022-04-05,"4,525.1200",-57.5200,-1.2552
2022-04-06,"4,481.1500",-43.9702,-0.9717
2022-04-07,"4,500.2100",19.0601,0.4253
2022-04-08,"4,488.2800",-11.9302,-0.2651
2022-04-11,"4,412.5300",-75.7500,-1.6877
2022-04-12,"4,397.4500",-15.0796,-0.3417
2022-04-13,"4,446.5900",49.1396,1.1175
2022-04-14,"4,392.5900",-54.0000,-1.2144
2022-04-18,"4,391.6900",-0.8999,-0.0205
2022-04-19,"4,462.2100",70.5200,1.6058
2022-04-20,"4,459.4500",-2.7598,-0.0618
2022-04-21,"4,393.6600",-65.7900,-1.4753
2022-04-22,"4,271.7800",-121.8804,-2.7740
2022-04-25,"4,296.1200",24.3403,0.5698
2022-04-26,"4,175.2000",-120.9199,-2.8146
2022-04-27,"4,183.9600",8.7598,0.2098
2022-04-28,"4,287.5000",103.5400,2.4747
2022-04-29,"4,131.9300",-155.5698,-3.6285
2022-05-02,"4,155.3800",23.4497,0.5675
2022-05-03,"4,175.4800",20.1001,0.4837
2022-05-04,"4,300.1700",124.6899,2.9862
2022-05-05,"4,146.8700",-153.2998,-3.5650
2022-05-06,"4,123.3400",-23.5303,-0.5674
2022-05-09,"3,991.2400",-132.0999,-3.2037
2022-05-10,"4,001.0500",9.8101,0.2458
2022-05-11,"3,935.1800",-65.8701,-1.6463
2022-05-12,"3,930.0800",-5.0999,-0.1296
2022-05-13,"4,023.8900",93.8098,2.3870
2022-05-16,"4,008.0100",-15.8799,-0.3946
2022-05-17,"4,088.8500",80.8401,2.0170
2022-05-18,"3,923.6800",-165.1702,-4.0395
2022-05-19,"3,900.7900",-22.8899,-0.5834
2022-05-20,"3,901.3600",0.5701,0.0146
2022-05-23,"3,973.7500",72.3899,1.8555
2022-05-24,"3,941.4800",-32.2700,-0.8121
2022-05-25,"3,978.7300",37.2500,0.9451
2022-05-26,"4,057.8400",79.1101,1.9883
2022-05-27,"4,158.2400",100.4001,2.4742
2022-05-30,"4,158.2400",0.0000,0.0000
2022-05-31,"4,132.1500",-26.0903,-0.6274
2022-06-01,"4,101.2300",-30.9199,-0.7483
2022-06-02,"4,176.8200",75.5898,1.8431
2022-06-03,"4,108.5400",-68.2798,-1.6347
2022-06-06,"4,121.4300",12.8901,0.3137
2022-06-07,"4,160.6800",39.2500,0.9523
2022-06-08,"4,115.7700",-44.9102,-1.0794
2022-06-09,"4,017.8200",-97.9500,-2.3799
2022-06-10,"3,900.8600",-116.9600,-2.9110
2022-06-13,"3,749.6300",-151.2302,-3.8768
2022-06-14,"3,735.4800",-14.1499,-0.3774
2022-06-15,"3,789.9900",54.5100,1.4593
2022-06-16,"3,666.7700",-123.2200,-3.2512
2022-06-17,"3,674.8400",8.0701,0.2201
2022-06-20,"3,674.8400",0.0000,0.0000
2022-06-21,"3,764.7900",89.9500,2.4477
2022-06-22,"3,759.8900",-4.9001,-0.1302
2022-06-23,"3,795.7300",35.8401,0.9532
2022-06-24,"3,911.7400",116.0100,3.0563
2022-06-27,"3,900.1100",-11.6299,-0.2973
2022-06-28,"3,821.5500",-78.5601,-2.0143
2022-06-29,"3,818.8300",-2.7200,-0.0712
2022-06-30,"3,785.3800",-33.4502,-0.8759
2022-07-01,"3,825.3300",39.9502,1.0554
2022-07-05,"3,831.3900",6.0598,0.1584
2022-07-06,"3,845.0800",13.6902,0.3573
2022-07-07,"3,902.6200",57.5400,1.4965
2022-07-08,"3,899.3800",-3.2402,-0.0830
2022-07-11,"3,854.4300",-44.9500,-1.1527
2022-07-12,"3,818.8000",-35.6299,-0.9244
2022-07-13,"3,801.7800",-17.0200,-0.4457
2022-07-14,"3,790.3800",-11.4001,-0.2999
2022-07-15,"3,863.1600",72.7800,1.9201
2022-07-18,"3,830.8500",-32.3098,-0.8364
2022-07-19,"3,936.6900",105.8398,2.7628
2022-07-20,"3,959.9000",23.2100,0.5896
2022-07-21,"3,998.9500",39.0500,0.9861
2022-07-22,"3,961.6300",-37.3201,-0.9332
2022-07-25,"3,966.8400",5.2102,0.1315
2022-07-26,"3,921.0500",-45.7900,-1.1543
2022-07-27,"4,023.6100",102.5601,2.6156
2022-07-28,"4,072.4300",48.8198,1.2133
2022-07-29,"4,130.2900",57.8601,1.4208
2022-08-01,"4,118.6300",-11.6602,-0.2823
2022-08-02,"4,091.1900",-27.4399,-0.6662
2022-08-03,"4,155.1700",63.9800,1.5638
2022-08-04,"4,151.9400",-3.2300,-0.0777
2022-08-05,"4,145.1900",-6.7500,-0.1626
2022-08-08,"4,140.0600",-5.1299,-0.1238
2022-08-09,"4,122.4700",-17.5898,-0.4249
2022-08-10,"4,210.2400",87.7700,2.1291
2022-08-11,"4,207.2700",-2.9702,-0.0705
2022-08-12,"4,280.1500",72.8799,1.7322
2022-08-15,"4,297.1400",16.9902,0.3970
2022-08-16,"4,305.2000",8.0601,0.1876
2022-08-17,"4,274.0400",-31.1602,-0.7238
2022-08-18,"4,283.7400",9.7002,0.2270
2022-08-19,"4,228.4800",-55.2603,-1.2900
2022-08-22,"4,137.9900",-90.4897,-2.1400
2022-08-23,"4,128.7300",-9.2603,-0.2238
2022-08-24,"4,140.7700",12.0400,0.2916
2022-08-25,"4,199.1200",58.3501,1.4092
2022-08-26,"4,057.6600",-141.4602,-3.3688
2022-08-29,"4,030.6100",-27.0498,-0.6666
2022-08-30,"3,986.1600",-44.4502,-1.1028
2022-08-31,"3,955.0000",-31.1599,-0.7817
2022-09-01,"3,966.8500",11.8501,0.2996
2022-09-02,"3,924.2600",-42.5901,-1.0737
2022-09-06,"3,908.1900",-16.0701,-0.4095
2022-09-07,"3,979.8700",71.6802,1.8341
2022-09-08,"4,006.1800",26.3098,0.6611
2022-09-09,"4,067.3600",61.1802,1.5271
2022-09-12,"4,110.4100",43.0500,1.0584
2022-09-13,"3,932.6900",-177.7202,-4.3237
2022-09-14,"3,946.0100",13.3201,0.3387
2022-09-15,"3,901.3500",-44.6599,-1.1318
2022-09-16,"3,873.3300",-28.0200,-0.7182
2022-09-19,"3,899.8900",26.5598,0.6857
2022-09-20,"3,855.9300",-43.9600,-1.1272
2022-09-21,"3,789.9300",-66.0000,-1.7116
2022-09-22,"3,757.9900",-31.9399,-0.8428
2022-09-23,"3,693.2300",-64.7600,-1.7233
2022-09-26,"3,655.0400",-38.1899,-1.0341
2022-09-27,"3,647.2900",-7.7500,-0.2120
2022-09-28,"3,719.0400",71.7500,1.9672
2022-09-29,"3,640.4700",-78.5701,-2.1126
2022-09-30,"3,585.6200",-54.8499,-1.5067
2022-10-03,"3,678.4300",92.8098,2.5884
2022-10-04,"3,790.9300",112.5000,3.0584
2022-10-05,"3,783.2800",-7.6499,-0.2018
2022-10-06,"3,744.5200",-38.7600,-1.0245
2022-10-07,"3,639.6600",-104.8601,-2.8004
2022-10-10,"3,612.3900",-27.2700,-0.7492
2022-10-11,"3,588.8400",-23.5498,-0.6519
2022-10-12,"3,577.0300",-11.8101,-0.3291
2022-10-13,"3,669.9100",92.8799,2.5966
2022-10-14,"3,583.0700",-86.8398,-2.3663
2022-10-17,"3,677.9500",94.8799,2.6480
2022-10-18,"3,719.9800",42.0300,1.1428
2022-10-19,"3,695.1600",-24.8201,-0.6672
2022-10-20,"3,665.7800",-29.3799,-0.7951
2022-10-21,"3,752.7500",86.9700,2.3725
2022-10-24,"3,797.3400",44.5901,1.1882
2022-10-25,"3,859.1100",61.7700,1.6267
2022-10-26,"3,830.6000",-28.5100,-0.7388
2022-10-27,"3,807.3000",-23.3000,-0.6083
2022-10-28,"3,901.0600",93.7600,2.4626
2022-10-31,"3,871.9800",-29.0801,-0.7454
2022-11-01,"3,856.1000",-15.8799,-0.4101
2022-11-02,"3,759.6900",-96.4102,-2.5002
2022-11-03,"3,719.8900",-39.8000,-1.0586
2022-11-04,"3,770.5500",50.6602,1.3619
2022-11-07,"3,806.8000",36.2500,0.9614
2022-11-08,"3,828.1100",21.3101,0.5598
2022-11-09,"3,748.5700",-79.5400,-2.0778
2022-11-10,"3,956.3700",207.8000,5.5434
2022-11-11,"3,992.9300",36.5598,0.9241
2022-11-14,"3,957.2500",-35.6799,-0.8936
2022-11-15,"3,991.7300",34.4800,0.8713
2022-11-16,"3,958.7900",-32.9399,-0.8252
2022-11-17,"3,946.5600",-12.2300,-0.3089
2022-11-18,"3,965.3400",18.7800,0.4759
2022-11-21,"3,949.9400",-15.4001,-0.3884
2022-11-22,"4,003.5800",53.6401,1.3580
2022-11-23,"4,027.2600",23.6799,0.5915
2022-11-25,"4,026.1200",-1.1399,-0.0283
2022-11-28,"3,963.9400",-62.1802,-1.5444
2022-11-29,"3,957.6300",-6.3101,-0.1592
2022-11-30,"4,080.1100",122.4802,3.0948
2022-12-01,"4,076.5700",-3.5400,-0.0868
2022-12-02,"4,071.7000",-4.8701,-0.1195
2022-12-05,"3,998.8400",-72.8599,-1.7894
2022-12-06,"3,941.2600",-57.5801,-1.4399
2022-12-07,"3,933.9200",-7.3401,-0.1862
2022-12-08,"3,963.5100",29.5901,0.7522
2022-12-09,"3,934.3800",-29.1301,-0.7350
2022-12-12,"3,990.5600",56.1802,1.4279
2022-12-13,"4,019.6500",29.0898,0.7290
2022-12-14,"3,995.3200",-24.3298,-0.6053
2022-12-15,"3,895.7500",-99.5701,-2.4922
2022-12-16,"3,852.3600",-43.3899,-1.1138
2022-12-19,"3,817.6600",-34.7002,-0.9008
2022-12-20,"3,821.6200",3.9602,0.1037
2022-12-21,"3,878.4400",56.8198,1.4868
2022-12-22,"3,822.3900",-56.0500,-1.4452
2022-12-23,"3,844.8200",22.4302,0.5868
2022-12-27,"3,829.2500",-15.5701,-0.4050
2022-12-28,"3,783.2200",-46.0300,-1.2021
2022-12-29,"3,849.2800",66.0601,1.7461
2022-12-30,"3,839.5000",-9.7800,-0.2541
2023-01-03,"3,824.1400",-15.3601,-0.4001
2023-01-04,"3,852.9700",28.8301,0.7539
2023-01-05,"3,808.1000",-44.8699,-1.1646
2023-01-06,"3,895.0800",86.9800,2.2841
2023-01-09,"3,892.0900",-2.9900,-0.0768
2023-01-10,"3,919.2500",27.1599,0.6978
2023-01-11,"3,969.6100",50.3601,1.2849
2023-01-12,"3,983.1700",13.5598,0.3416
2023-01-13,"3,999.0900",15.9202,0.3997
2023-01-17,"3,990.9700",-8.1201,-0.2030
2023-01-18,"3,928.8600",-62.1099,-1.5563
2023-01-19,"3,898.8500",-30.0100,-0.7638
2023-01-20,"3,972.6100",73.7600,1.8918
2023-01-23,"4,019.8100",47.2000,1.1881
2023-01-24,"4,016.9500",-2.8601,-0.0712
2023-01-25,"4,016.2200",-0.7300,-0.0182
2023-01-26,"4,060.4300",44.2100,1.1008
2023-01-27,"4,070.5600",10.1301,0.2495
2023-01-30,"4,017.7700",-52.7900,-1.2969
2023-01-31,"4,076.6000",58.8301,1.4642
2023-02-01,"4,119.2100",42.6099,1.0452
2023-02-02,"4,179.7600",60.5498,1.4699
2023-02-03,"4,136.4800",-43.2798,-1.0355
2023-02-06,"4,111.0800",-25.3999,-0.6140
2023-02-07,"4,164.0000",52.9199,1.2873
2023-02-08,"4,117.8600",-46.1401,-1.1081
2023-02-09,"4,081.5000",-36.3599,-0.8830
2023-02-10,"4,090.4600",8.9600,0.2195
2023-02-13,"4,137.2900",46.8301,1.1449
2023-02-14,"4,136.1300",-1.1602,-0.0280
2023-02-15,"4,147.6000",11.4702,0.2773
2023-02-16,"4,090.4100",-57.1902,-1.3789
2023-02-17,"4,079.0900",-11.3198,-0.2767
2023-02-21,"3,997.3400",-81.7500,-2.0041
2023-02-22,"3,991.0500",-6.2900,-0.1574
2023-02-23,"4,012.3200",21.2700,0.5329
2023-02-24,"3,970.0400",-42.2800,-1.0538
2023-02-27,"3,982.2400",12.2000,0.3073
2023-02-28,"3,970.1500",-12.0901,-0.3036
2023-03-01,"3,951.3900",-18.7600,-0.4725
2023-03-02,"3,981.3500",29.9602,0.7582
2023-03-03,"4,045.6400",64.2898,1.6148
2023-03-06,"4,048.4200",2.7800,0.0687
2023-03-07,"3,986.3700",-62.0498,-1.5327
2023-03-08,"3,992.0100",5.6399,0.1415
2023-03-09,"3,918.3200",-73.6899,-1.8459
2023-03-10,"3,861.5900",-56.7300,-1.4478
2023-03-13,"3,855.7600",-5.8301,-0.1510
2023-03-14,"3,919.2900",63.5300,1.6477
2023-03-15,"3,891.9300",-27.3601,-0.6981
2023-03-16,"3,960.2800",68.3501,1.7562
2023-03-17,"3,916.6400",-43.6401,-1.1019
2023-03-20,"3,951.5700",34.9302,0.8918
2023-03-21,"4,002.8700",51.3000,1.2982
2023-03-22,"3,936.9700",-65.9001,-1.6463
2023-03-23,"3,948.7200",11.7500,0.2985
2023-03-24,"3,970.9900",22.2700,0.5640
2023-03-27,"3,977.5300",6.5400,0.1647
2023-03-28,"3,971.2700",-6.2600,-0.1574
2023-03-29,"4,027.8100",56.5400,1.4237
2023-03-30,"4,050.8300",23.0200,0.5715
2023-03-31,"4,109.3100",58.4800,1.4437
2023-04-03,"4,124.5100",15.1997,0.3699
2023-04-04,"4,100.6000",-23.9097,-0.5797
2023-04-05,"4,090.3800",-10.2202,-0.2492
2023-04-06,"4,105.0200",14.6401,0.3579
2023-04-10,"4,109.1100",4.0898,0.0996
2023-04-11,"4,108.9400",-0.1699,-0.0041
2023-04-12,"4,091.9500",-16.9900,-0.4135
2023-04-13,"4,146.2200",54.2703,1.3263
2023-04-14,"4,137.6400",-8.5801,-0.2069
2023-04-17,"4,151.3200",13.6797,0.3306
2023-04-18,"4,154.8700",3.5503,0.0855
2023-04-19,"4,154.5200",-0.3501,-0.0084
2023-04-20,"4,129.7900",-24.7300,-0.5953
2023-04-21,"4,133.5200",3.7300,0.0903
2023-04-24,"4,137.0400",3.5200,0.0852
2023-04-25,"4,071.6300",-65.4102,-1.5811
2023-04-26,"4,055.9900",-15.6399,-0.3841
2023-04-27,"4,135.3500",79.3601,1.9566
2023-04-28,"4,169.4800",34.1299,0.8253
2023-05-01,"4,167.8700",-1.6099,-0.0386
2023-05-02,"4,119.5800",-48.2900,-1.1586
2023-05-03,"4,090.7500",-28.8301,-0.6998
2023-05-04,"4,061.2200",-29.5300,-0.7219
2023-05-05,"4,136.2500",75.0300,1.8475
2023-05-08,"4,138.1200",1.8701,0.0452
2023-05-09,"4,119.1700",-18.9502,-0.4579
2023-05-10,"4,137.6400",18.4702,0.4484
2023-05-11,"4,130.6200",-7.0200,-0.1697
2023-05-12,"4,124.0800",-6.5400,-0.1583
2023-05-15,"4,136.2800",12.1997,0.2958
2023-05-16,"4,109.9000",-26.3799,-0.6378
2023-05-17,"4,158.7700",48.8701,1.1891
2023-05-18,"4,198.0500",39.2798,0.9445
2023-05-19,"4,191.9800",-6.0698,-0.1446
2023-05-22,"4,192.6300",0.6499,0.0155
2023-05-23,"4,145.5800",-47.0498,-1.1222
2023-05-24,"4,115.2400",-30.3398,-0.7319
2023-05-25,"4,151.2800",36.0396,0.8758
2023-05-26,"4,205.4500",54.1704,1.3049
2023-05-30,"4,205.5200",0.0698,0.0017
2023-05-31,"4,179.8300",-25.6899,-0.6109
2023-06-01,"4,221.0200",41.1899,0.9854
2023-06-02,"4,282.3700",61.3501,1.4534
2023-06-05,"4,273.7900",-8.5801,-0.2004
2023-06-06,"4,283.8500",10.0601,0.2354
2023-06-07,"4,267.5200",-16.3301,-0.3812
2023-06-08,"4,293.9300",26.4102,0.6189
2023-06-09,"4,298.8600",4.9297,0.1148
2023-06-12,"4,338.9300",40.0703,0.9321
2023-06-13,"4,369.0100",30.0796,0.6932
2023-06-14,"4,372.5900",3.5801,0.0819
2023-06-15,"4,425.8400",53.2500,1.2178
2023-06-16,"4,409.5900",-16.2500,-0.3672
2023-06-20,"4,388.7100",-20.8799,-0.4735
2023-06-21,"4,365.6900",-23.0200,-0.5245
2023-06-22,"4,381.8900",16.2002,0.3711
2023-06-23,"4,348.3300",-33.5601,-0.7659
2023-06-26,"4,328.8200",-19.5103,-0.4487
2023-06-27,"4,378.4100",49.5903,1.1456
2023-06-28,"4,376.8600",-1.5503,-0.0354
2023-06-29,"4,396.4400",19.5801,0.4474
2023-06-30,"4,450.3800",53.9399,1.2269
2023-07-03,"4,455.5900",5.2100,0.1171
2023-07-05,"4,446.8200",-8.7700,-0.1968
2023-07-06,"4,411.5900",-35.2300,-0.7923
2023-07-07,"4,398.9500",-12.6396,-0.2865
2023-07-10,"4,409.5300",10.5796,0.2405
2023-07-11,"4,439.2600",29.7300,0.6742
2023-07-12,"4,472.1600",32.9004,0.7411
2023-07-13,"4,510.0400",37.8799,0.8470
2023-07-14,"4,505.4200",-4.6201,-0.1024
2023-07-17,"4,522.7900",17.3701,0.3855
2023-07-18,"4,554.9800",32.1899,0.7117
2023-07-19,"4,565.7200",10.7402,0.2358
2023-07-20,"4,534.8700",-30.8501,-0.6757
2023-07-21,"4,536.3400",1.4697,0.0324
2023-07-24,"4,554.6400",18.3003,0.4034
2023-07-25,"4,567.4600",12.8198,0.2815
2023-07-26,"4,566.7500",-0.7100,-0.0155
2023-07-27,"4,537.4100",-29.3398,-0.6425
2023-07-28,"4,582.2300",44.8198,0.9878
2023-07-31,"4,588.9600",6.7300,0.1469
2023-08-01,"4,576.7300",-12.2300,-0.2665
2023-08-02,"4,513.3900",-63.3398,-1.3840
2023-08-03,"4,501.8900",-11.5000,-0.2548
2023-08-04,"4,478.0300",-23.8604,-0.5300
2023-08-07,"4,518.4400",40.4102,0.9024
2023-08-08,"4,499.3800",-19.0601,-0.4218
2023-08-09,"4,467.7100",-31.6699,-0.7039
2023-08-10,"4,468.8300",1.1201,0.0251
2023-08-11,"4,464.0500",-4.7803,-0.1070
2023-08-14,"4,489.7200",25.6704,0.5750
2023-08-15,"4,437.8600",-51.8604,-1.1551
2023-08-16,"4,404.3300",-33.5298,-0.7555
2023-08-17,"4,370.3600",-33.9702,-0.7713
2023-08-18,"4,369.7100",-0.6499,-0.0149
2023-08-21,"4,399.7700",30.0601,0.6879
2023-08-22,"4,387.5500",-12.2202,-0.2777
2023-08-23,"4,436.0100",48.4600,1.1045
2023-08-24,"4,376.3100",-59.6997,-1.3458
2023-08-25,"4,405.7100",29.3999,0.6718
2023-08-28,"4,433.3100",27.6001,0.6265
2023-08-29,"4,497.6300",64.3198,1.4508
2023-08-30,"4,514.8700",17.2402,0.3833
2023-08-31,"4,507.6600",-7.2100,-0.1597
2023-09-01,"4,515.7700",8.1099,0.1799
2023-09-05,"4,496.8300",-18.9399,-0.4194
2023-09-06,"4,465.4800",-31.3501,-0.6972
2023-09-07,"4,451.1400",-14.3398,-0.3211
2023-09-08,"4,457.4900",6.3501,0.1427
2023-09-11,"4,487.4600",29.9697,0.6723
2023-09-12,"4,461.9000",-25.5601,-0.5696
2023-09-13,"4,467.4400",5.5400,0.1242
2023-09-14,"4,505.1000",37.6602,0.8430
2023-09-15,"4,450.3200",-54.7803,-1.2160
2023-09-18,"4,453.5300",3.2100,0.0721
2023-09-19,"4,443.9500",-9.5796,-0.2151
2023-09-20,"4,402.2000",-41.7500,-0.9395
2023-09-21,"4,330.0000",-72.2002,-1.6401
2023-09-22,"4,320.0600",-9.9399,-0.2296
2023-09-25,"4,337.4400",17.3799,0.4023
2023-09-26,"4,273.5300",-63.9102,-1.4735
2023-09-27,"4,274.5100",0.9800,0.0229
2023-09-28,"4,299.7000",25.1904,0.5893
2023-09-29,"4,288.0500",-11.6504,-0.2710
2023-10-02,"4,288.3900",0.3403,0.0079
2023-10-03,"4,229.4500",-58.9399,-1.3744
2023-10-04,"4,263.7500",34.2998,0.8110
2023-10-05,"4,258.1900",-5.5601,-0.1304
2023-10-06,"4,308.5000",50.3101,1.1815
2023-10-09,"4,335.6600",27.1602,0.6304
2023-10-10,"4,358.2400",22.5801,0.5208
2023-10-11,"4,376.9500",18.7100,0.4293
2023-10-12,"4,349.6100",-27.3403,-0.6246
2023-10-13,"4,327.7800",-21.8301,-0.5019
2023-10-16,"4,373.6300",45.8501,1.0594
2023-10-17,"4,373.2000",-0.4297,-0.0098
2023-10-18,"4,314.6000",-58.6001,-1.3400
2023-10-19,"4,278.0000",-36.6001,-0.8483
2023-10-20,"4,224.1600",-53.8398,-1.2585
2023-10-23,"4,217.0400",-7.1201,-0.1686
2023-10-24,"4,247.6800",30.6401,0.7266
2023-10-25,"4,186.7700",-60.9102,-1.4340
2023-10-26,"4,137.2300",-49.5400,-1.1833
2023-10-27,"4,117.3700",-19.8599,-0.4800
2023-10-30,"4,166.8200",49.4497,1.2010
2023-10-31,"4,193.8000",26.9800,0.6475
2023-11-01,"4,237.8600",44.0601,1.0506
2023-11-02,"4,317.7800",79.9199,1.8859
2023-11-03,"4,358.3400",40.5601,0.9394
2023-11-06,"4,365.9800",7.6401,0.1753
2023-11-07,"4,378.3800",12.3999,0.2840
2023-11-08,"4,382.7800",4.3999,0.1005
2023-11-09,"4,347.3500",-35.4297,-0.8084
2023-11-10,"4,415.2400",67.8901,1.5616
2023-11-13,"4,411.5500",-3.6904,-0.0836
2023-11-14,"4,495.7000",84.1504,1.9075
2023-11-15,"4,502.8800",7.1797,0.1597
2023-11-16,"4,508.2400",5.3604,0.1190
2023-11-17,"4,514.0200",5.7798,0.1282
2023-11-20,"4,547.3800",33.3599,0.7390
2023-11-21,"4,538.1900",-9.1899,-0.2021
2023-11-22,"4,556.6200",18.4302,0.4061
2023-11-24,"4,559.3400",2.7197,0.0597
2023-11-27,"4,550.4300",-8.9097,-0.1954
2023-11-28,"4,554.8900",4.4600,0.0980
2023-11-29,"4,550.5800",-4.3101,-0.0946
2023-11-30,"4,567.8000",17.2197,0.3784
2023-12-01,"4,594.6300",26.8301,0.5874
2023-12-04,"4,569.7800",-24.8501,-0.5409
2023-12-05,"4,567.1800",-2.5996,-0.0569
2023-12-06,"4,549.3400",-17.8403,-0.3906
2023-12-07,"4,585.5900",36.2500,0.7968
2023-12-08,"4,604.3700",18.7803,0.4096
2023-12-11,"4,622.4400",18.0698,0.3924
2023-12-12,"4,643.7000",21.2603,0.4599
2023-12-13,"4,707.0900",63.3896,1.3651
2023-12-14,"4,719.5500",12.4600,0.2647
2023-12-15,"4,719.1900",-0.3599,-0.0076
2023-12-18,"4,740.5600",21.3701,0.4528
2023-12-19,"4,768.3700",27.8101,0.5866
2023-12-20,"4,698.3500",-70.0200,-1.4684
2023-12-21,"4,746.7500",48.3999,1.0301
2023-12-22,"4,754.6300",7.8799,0.1660
2023-12-26,"4,774.7500",20.1201,0.4232
2023-12-27,"4,781.5800",6.8301,0.1430
2023-12-28,"4,783.3500",1.7700,0.0370
2023-12-29,"4,769.8300",-13.5200,-0.2826